Barrio,Titulo,Sup. Terreno,Frente,Contrafrente,Lat Derecho,Lat Izquierdo,LFI,LIB,Zonificacion,Mixtura Usos,Alt. Max.,Cant. Pisos,Sup. Vendible,Sup. Edif. Cub.,Precio,Plusvalia,Factibilidad
Agronomia,SAN MARTIN 4382,248.18m2,8.71m,8.70m,28.55m,28.47m,No Alcanzada,m,USAA  (Codigo Anterior : C3II - FOT: LIBRE),MIXTURA 4,,PB + 7 PISOS + 2 RETIROS,1412.69m2,,U$S  378.000,PLUSVALIA  U$S 0,https://lideresenterrenos.com.ar/estudioTerreno/707
Almagro,VIRREY LINIERS 177,404.20m2,9m,9.3m,43.15m,45.20m,18.40 m,24.53 m,CA  (Codigo Anterior : C3I - FOT: 4),MIXTURA 4,,PB + 12 PISOS + 2 RETIROS,2098.17m2,,U$S  1.200.000,PLUSVALIA  U$S 107.373,https://lideresenterrenos.com.ar/estudioTerreno/1053
Almagro,VENEZUELA 3548,404.20m2,9m,9.3m,43.15m,45.20m,18.40 m,24.53 m,CA  (Codigo Anterior : C3I - FOT: 4),MIXTURA 4,,PB + 12 PISOS + 2 RETIROS,2098.17m2,,U$S  1.200.000,PLUSVALIA  U$S 107.373,https://lideresenterrenos.com.ar/estudioTerreno/1053
Almagro,POTOSI 3824,404.20m2,9m,9.3m,43.15m,45.20m,18.40 m,24.53 m,CA  (Codigo Anterior : C3I - FOT: 4),MIXTURA 4,,PB + 12 PISOS + 2 RETIROS,2098.17m2,,U$S  1.200.000,PLUSVALIA  U$S 107.373,https://lideresenterrenos.com.ar/estudioTerreno/1053
Almagro,BILLINGHURST 287,404.20m2,9m,9.3m,43.15m,45.20m,18.40 m,24.53 m,CA  (Codigo Anterior : C3I - FOT: 4),MIXTURA 4,,PB + 12 PISOS + 2 RETIROS,2098.17m2,,U$S  1.200.000,PLUSVALIA  U$S 107.373,https://lideresenterrenos.com.ar/estudioTerreno/1053
Almagro,Guardia Vieja 3786,404.20m2,9m,9.3m,43.15m,45.20m,18.40 m,24.53 m,CA  (Codigo Anterior : C3I - FOT: 4),MIXTURA 4,,PB + 12 PISOS + 2 RETIROS,2098.17m2,,U$S  1.200.000,PLUSVALIA  U$S 107.373,https://lideresenterrenos.com.ar/estudioTerreno/1053
Almagro,"SALGUERO, JERONIMO 192",404.20m2,9m,9.3m,43.15m,45.20m,18.40 m,24.53 m,CA  (Codigo Anterior : C3I - FOT: 4),MIXTURA 4,,PB + 12 PISOS + 2 RETIROS,2098.17m2,,U$S  1.200.000,PLUSVALIA  U$S 107.373,https://lideresenterrenos.com.ar/estudioTerreno/1053
Almagro,BILLINGHURST 45,404.20m2,9m,9.3m,43.15m,45.20m,18.40 m,24.53 m,CA  (Codigo Anterior : C3I - FOT: 4),MIXTURA 4,,PB + 12 PISOS + 2 RETIROS,2098.17m2,,U$S  1.200.000,PLUSVALIA  U$S 107.373,https://lideresenterrenos.com.ar/estudioTerreno/1053
Almagro,SANCHEZ DE BUSTAMANTE 855,404.20m2,9m,9.3m,43.15m,45.20m,18.40 m,24.53 m,CA  (Codigo Anterior : C3I - FOT: 4),MIXTURA 4,,PB + 12 PISOS + 2 RETIROS,2098.17m2,,U$S  1.200.000,PLUSVALIA  U$S 107.373,https://lideresenterrenos.com.ar/estudioTerreno/1053
Almagro,LAMBARE 842/ 850,404.20m2,9m,9.3m,43.15m,45.20m,18.40 m,24.53 m,CA  (Codigo Anterior : C3I - FOT: 4),MIXTURA 4,,PB + 12 PISOS + 2 RETIROS,2098.17m2,,U$S  1.200.000,PLUSVALIA  U$S 107.373,https://lideresenterrenos.com.ar/estudioTerreno/1053
Almagro,BOGADO  4461,404.20m2,9m,9.3m,43.15m,45.20m,18.40 m,24.53 m,CA  (Codigo Anterior : C3I - FOT: 4),MIXTURA 4,,PB + 12 PISOS + 2 RETIROS,2098.17m2,,U$S  1.200.000,PLUSVALIA  U$S 107.373,https://lideresenterrenos.com.ar/estudioTerreno/1053
Almagro,MAZA 562,404.20m2,9m,9.3m,43.15m,45.20m,18.40 m,24.53 m,CA  (Codigo Anterior : C3I - FOT: 4),MIXTURA 4,,PB + 12 PISOS + 2 RETIROS,2098.17m2,,U$S  1.200.000,PLUSVALIA  U$S 107.373,https://lideresenterrenos.com.ar/estudioTerreno/1053
Almagro,Gascon 670,404.20m2,9m,9.3m,43.15m,45.20m,18.40 m,24.53 m,CA  (Codigo Anterior : C3I - FOT: 4),MIXTURA 4,,PB + 12 PISOS + 2 RETIROS,2098.17m2,,U$S  1.200.000,PLUSVALIA  U$S 107.373,https://lideresenterrenos.com.ar/estudioTerreno/1053
Almagro,RIVADAVIA 4144,404.20m2,9m,9.3m,43.15m,45.20m,18.40 m,24.53 m,CA  (Codigo Anterior : C3I - FOT: 4),MIXTURA 4,,PB + 12 PISOS + 2 RETIROS,2098.17m2,,U$S  1.200.000,PLUSVALIA  U$S 107.373,https://lideresenterrenos.com.ar/estudioTerreno/1053
Balvanera,ALBERTI 272 / 278,267.44m2,18.75m,19.70m,14.60m,13.37m,No Alcanzada,m,CM  (Codigo Anterior : C3I - FOT: 4),MIXTURA 4,,PB + 10 PISOS + 2 RETIROS,3143.68m2,,U$S  450.000,PLUSVALIA  U$S 23.382,https://lideresenterrenos.com.ar/estudioTerreno/161
Balvanera,PASO 772,267.44m2,18.75m,19.70m,14.60m,13.37m,No Alcanzada,m,CM  (Codigo Anterior : C3I - FOT: 4),MIXTURA 4,,PB + 10 PISOS + 2 RETIROS,3143.68m2,,U$S  450.000,PLUSVALIA  U$S 23.382,https://lideresenterrenos.com.ar/estudioTerreno/161
Balvanera,URIBURU 605,267.44m2,18.75m,19.70m,14.60m,13.37m,No Alcanzada,m,CM  (Codigo Anterior : C3I - FOT: 4),MIXTURA 4,,PB + 10 PISOS + 2 RETIROS,3143.68m2,,U$S  450.000,PLUSVALIA  U$S 23.382,https://lideresenterrenos.com.ar/estudioTerreno/161
Balvanera,JUJUY 376,267.44m2,18.75m,19.70m,14.60m,13.37m,No Alcanzada,m,CM  (Codigo Anterior : C3I - FOT: 4),MIXTURA 4,,PB + 10 PISOS + 2 RETIROS,3143.68m2,,U$S  450.000,PLUSVALIA  U$S 23.382,https://lideresenterrenos.com.ar/estudioTerreno/161
Balvanera,LAVALLE 2946,267.44m2,18.75m,19.70m,14.60m,13.37m,No Alcanzada,m,CM  (Codigo Anterior : C3I - FOT: 4),MIXTURA 4,,PB + 10 PISOS + 2 RETIROS,3143.68m2,,U$S  450.000,PLUSVALIA  U$S 23.382,https://lideresenterrenos.com.ar/estudioTerreno/161
Balvanera,PASCO 281,267.44m2,18.75m,19.70m,14.60m,13.37m,No Alcanzada,m,CM  (Codigo Anterior : C3I - FOT: 4),MIXTURA 4,,PB + 10 PISOS + 2 RETIROS,3143.68m2,,U$S  450.000,PLUSVALIA  U$S 23.382,https://lideresenterrenos.com.ar/estudioTerreno/161
Balvanera,Peron 2124,267.44m2,18.75m,19.70m,14.60m,13.37m,No Alcanzada,m,CM  (Codigo Anterior : C3I - FOT: 4),MIXTURA 4,,PB + 10 PISOS + 2 RETIROS,3143.68m2,,U$S  450.000,PLUSVALIA  U$S 23.382,https://lideresenterrenos.com.ar/estudioTerreno/161
Balvanera,Hipolito Yrigoyen  2902,267.44m2,18.75m,19.70m,14.60m,13.37m,No Alcanzada,m,CM  (Codigo Anterior : C3I - FOT: 4),MIXTURA 4,,PB + 10 PISOS + 2 RETIROS,3143.68m2,,U$S  450.000,PLUSVALIA  U$S 23.382,https://lideresenterrenos.com.ar/estudioTerreno/161
Balvanera,LA RIOJA  700,267.44m2,18.75m,19.70m,14.60m,13.37m,No Alcanzada,m,CM  (Codigo Anterior : C3I - FOT: 4),MIXTURA 4,,PB + 10 PISOS + 2 RETIROS,3143.68m2,,U$S  450.000,PLUSVALIA  U$S 23.382,https://lideresenterrenos.com.ar/estudioTerreno/161
Balvanera,LAVALLE 2004 / 2012,267.44m2,18.75m,19.70m,14.60m,13.37m,No Alcanzada,m,CM  (Codigo Anterior : C3I - FOT: 4),MIXTURA 4,,PB + 10 PISOS + 2 RETIROS,3143.68m2,,U$S  450.000,PLUSVALIA  U$S 23.382,https://lideresenterrenos.com.ar/estudioTerreno/161
Barracas,AV MONTES DE OCA 1566,208.24m2,23.83m,18.43m,23.25m,m,No Alcanzada,m,USAM  (Codigo Anterior : E3 - FOT: 3),MIXTURA 4,,PB + 5 PISOS + 2 RETIROS,1321.42m2,,U$S  1.300.000,PLUSVALIA  U$S 39.501,https://lideresenterrenos.com.ar/estudioTerreno/402
Barracas,JOVELLANOS 1377,208.24m2,23.83m,18.43m,23.25m,m,No Alcanzada,m,USAM  (Codigo Anterior : E3 - FOT: 3),MIXTURA 4,,PB + 5 PISOS + 2 RETIROS,1321.42m2,,U$S  1.300.000,PLUSVALIA  U$S 39.501,https://lideresenterrenos.com.ar/estudioTerreno/402
Barracas,Araoz De Lamadrid 1961,208.24m2,23.83m,18.43m,23.25m,m,No Alcanzada,m,USAM  (Codigo Anterior : E3 - FOT: 3),MIXTURA 4,,PB + 5 PISOS + 2 RETIROS,1321.42m2,,U$S  1.300.000,PLUSVALIA  U$S 39.501,https://lideresenterrenos.com.ar/estudioTerreno/402
Barracas,IRIARTE 1656,208.24m2,23.83m,18.43m,23.25m,m,No Alcanzada,m,USAM  (Codigo Anterior : E3 - FOT: 3),MIXTURA 4,,PB + 5 PISOS + 2 RETIROS,1321.42m2,,U$S  1.300.000,PLUSVALIA  U$S 39.501,https://lideresenterrenos.com.ar/estudioTerreno/402
Barracas,jovellanos 1431,208.24m2,23.83m,18.43m,23.25m,m,No Alcanzada,m,USAM  (Codigo Anterior : E3 - FOT: 3),MIXTURA 4,,PB + 5 PISOS + 2 RETIROS,1321.42m2,,U$S  1.300.000,PLUSVALIA  U$S 39.501,https://lideresenterrenos.com.ar/estudioTerreno/402
Barracas,RIO CUARTO 2747,208.24m2,23.83m,18.43m,23.25m,m,No Alcanzada,m,USAM  (Codigo Anterior : E3 - FOT: 3),MIXTURA 4,,PB + 5 PISOS + 2 RETIROS,1321.42m2,,U$S  1.300.000,PLUSVALIA  U$S 39.501,https://lideresenterrenos.com.ar/estudioTerreno/402
Barracas,PARACAS 27,208.24m2,23.83m,18.43m,23.25m,m,No Alcanzada,m,USAM  (Codigo Anterior : E3 - FOT: 3),MIXTURA 4,,PB + 5 PISOS + 2 RETIROS,1321.42m2,,U$S  1.300.000,PLUSVALIA  U$S 39.501,https://lideresenterrenos.com.ar/estudioTerreno/402
Barracas,AV CASEROS 1402,208.24m2,23.83m,18.43m,23.25m,m,No Alcanzada,m,USAM  (Codigo Anterior : E3 - FOT: 3),MIXTURA 4,,PB + 5 PISOS + 2 RETIROS,1321.42m2,,U$S  1.300.000,PLUSVALIA  U$S 39.501,https://lideresenterrenos.com.ar/estudioTerreno/402
Belgrano,Cabildo  2120,388.14m2,8.66m,8.80m,44.43m,44.49m,21.49 m,m,USAA  (Codigo Anterior : R2bI - FOT: 1.6),MIXTURA  2,,PB + 7 PISOS + 2 RETIROS,1508.30m2,,U$S  6.000.000,PLUSVALIA  U$S 194.665,https://lideresenterrenos.com.ar/estudioTerreno/2030
Belgrano,MANUEL UGARTE 2951,388.14m2,8.66m,8.80m,44.43m,44.49m,21.49 m,m,USAA  (Codigo Anterior : R2bI - FOT: 1.6),MIXTURA  2,,PB + 7 PISOS + 2 RETIROS,1508.30m2,,U$S  6.000.000,PLUSVALIA  U$S 194.665,https://lideresenterrenos.com.ar/estudioTerreno/2030
Boedo,MUÑIZ 855,215.95m2,8.73m,8.65m,25m,24.70m,23.09 m,m,USAM  (Codigo Anterior : R2b III - FOT: 1.2),MIXTURA  2,,PB + 5 PISOS + 2 RETIROS,1011.90m2,,U$S  2.700.000,PLUSVALIA  U$S 0,https://lideresenterrenos.com.ar/estudioTerreno/154
Boedo,SALCEDO 3674,215.95m2,8.73m,8.65m,25m,24.70m,23.09 m,m,USAM  (Codigo Anterior : R2b III - FOT: 1.2),MIXTURA  2,,PB + 5 PISOS + 2 RETIROS,1011.90m2,,U$S  2.700.000,PLUSVALIA  U$S 0,https://lideresenterrenos.com.ar/estudioTerreno/154
Boedo,"SAN JUAN, AV 4041",215.95m2,8.73m,8.65m,25m,24.70m,23.09 m,m,USAM  (Codigo Anterior : R2b III - FOT: 1.2),MIXTURA  2,,PB + 5 PISOS + 2 RETIROS,1011.90m2,,U$S  2.700.000,PLUSVALIA  U$S 0,https://lideresenterrenos.com.ar/estudioTerreno/154
Boedo,CHICLANA 3834,215.95m2,8.73m,8.65m,25m,24.70m,23.09 m,m,USAM  (Codigo Anterior : R2b III - FOT: 1.2),MIXTURA  2,,PB + 5 PISOS + 2 RETIROS,1011.90m2,,U$S  2.700.000,PLUSVALIA  U$S 0,https://lideresenterrenos.com.ar/estudioTerreno/154
Boedo,CHICLANA AV.  3626,215.95m2,8.73m,8.65m,25m,24.70m,23.09 m,m,USAM  (Codigo Anterior : R2b III - FOT: 1.2),MIXTURA  2,,PB + 5 PISOS + 2 RETIROS,1011.90m2,,U$S  2.700.000,PLUSVALIA  U$S 0,https://lideresenterrenos.com.ar/estudioTerreno/154
Boedo,GIBSON 4160,215.95m2,8.73m,8.65m,25m,24.70m,23.09 m,m,USAM  (Codigo Anterior : R2b III - FOT: 1.2),MIXTURA  2,,PB + 5 PISOS + 2 RETIROS,1011.90m2,,U$S  2.700.000,PLUSVALIA  U$S 0,https://lideresenterrenos.com.ar/estudioTerreno/154
Boedo,Inclan  4121,215.95m2,8.73m,8.65m,25m,24.70m,23.09 m,m,USAM  (Codigo Anterior : R2b III - FOT: 1.2),MIXTURA  2,,PB + 5 PISOS + 2 RETIROS,1011.90m2,,U$S  2.700.000,PLUSVALIA  U$S 0,https://lideresenterrenos.com.ar/estudioTerreno/154
Caballito,"Gallardo, Angel Av. 146 / 48",205.92m2,8.64m,10.39m,26.49m,21.18m,17 m,m,U 85 Z-4  (Codigo Anterior : C3II - FOT: LIBRE),MIXTURA 4,,PB + 4 PISOS + 2 RETIROS,715.08m2,,U$S  3.800.000,PLUSVALIA  U$S 0,https://lideresenterrenos.com.ar/estudioTerreno/2013
Caballito,ESPINOSA 1528,205.92m2,8.64m,10.39m,26.49m,21.18m,17 m,m,U 85 Z-4  (Codigo Anterior : C3II - FOT: LIBRE),MIXTURA 4,,PB + 4 PISOS + 2 RETIROS,715.08m2,,U$S  3.800.000,PLUSVALIA  U$S 0,https://lideresenterrenos.com.ar/estudioTerreno/2013
Caballito,VALLE 316,205.92m2,8.64m,10.39m,26.49m,21.18m,17 m,m,U 85 Z-4  (Codigo Anterior : C3II - FOT: LIBRE),MIXTURA 4,,PB + 4 PISOS + 2 RETIROS,715.08m2,,U$S  3.800.000,PLUSVALIA  U$S 0,https://lideresenterrenos.com.ar/estudioTerreno/2013
Caballito,AMPERE  857,205.92m2,8.64m,10.39m,26.49m,21.18m,17 m,m,U 85 Z-4  (Codigo Anterior : C3II - FOT: LIBRE),MIXTURA 4,,PB + 4 PISOS + 2 RETIROS,715.08m2,,U$S  3.800.000,PLUSVALIA  U$S 0,https://lideresenterrenos.com.ar/estudioTerreno/2013
Chacarita,SANTOS DUMONT 4787,761.23m2,17.87m,18.22m,43.37m,41m,28.91 m,38.54 m,USAM  (Codigo Anterior : R2BI - FOT: 1.6),MIXTURA  2,,PB + 5 PISOS + 2 RETIROS,3203.07m2,,U$S  189.000,PLUSVALIA  U$S 13.966,https://lideresenterrenos.com.ar/estudioTerreno/1601
Chacarita,Giribone  1239,761.23m2,17.87m,18.22m,43.37m,41m,28.91 m,38.54 m,USAM  (Codigo Anterior : R2BI - FOT: 1.6),MIXTURA  2,,PB + 5 PISOS + 2 RETIROS,3203.07m2,,U$S  189.000,PLUSVALIA  U$S 13.966,https://lideresenterrenos.com.ar/estudioTerreno/1601
Chacarita,ALVAREZ THOMAS  920,761.23m2,17.87m,18.22m,43.37m,41m,28.91 m,38.54 m,USAM  (Codigo Anterior : R2BI - FOT: 1.6),MIXTURA  2,,PB + 5 PISOS + 2 RETIROS,3203.07m2,,U$S  189.000,PLUSVALIA  U$S 13.966,https://lideresenterrenos.com.ar/estudioTerreno/1601
Chacarita,ALVAREZ THOMAS 912 / 920,761.23m2,17.87m,18.22m,43.37m,41m,28.91 m,38.54 m,USAM  (Codigo Anterior : R2BI - FOT: 1.6),MIXTURA  2,,PB + 5 PISOS + 2 RETIROS,3203.07m2,,U$S  189.000,PLUSVALIA  U$S 13.966,https://lideresenterrenos.com.ar/estudioTerreno/1601
Chacarita,VIRREY LORETO 3735,761.23m2,17.87m,18.22m,43.37m,41m,28.91 m,38.54 m,USAM  (Codigo Anterior : R2BI - FOT: 1.6),MIXTURA  2,,PB + 5 PISOS + 2 RETIROS,3203.07m2,,U$S  189.000,PLUSVALIA  U$S 13.966,https://lideresenterrenos.com.ar/estudioTerreno/1601
Coghlan,IBERA 3579,196.50m2,7.93m,8.90m,27.16m,22.40m,m,m,USAA  (Codigo Anterior : R2BI - FOT: 1.6),MIXTURA 3,,PB + 7 PISOS + 2 RETIROS,1240.48m2,,U$S  420.000,PLUSVALIA  U$S 20.355,https://lideresenterrenos.com.ar/estudioTerreno/1785
Coghlan,CONGRESO 3163,196.50m2,7.93m,8.90m,27.16m,22.40m,m,m,USAA  (Codigo Anterior : R2BI - FOT: 1.6),MIXTURA 3,,PB + 7 PISOS + 2 RETIROS,1240.48m2,,U$S  420.000,PLUSVALIA  U$S 20.355,https://lideresenterrenos.com.ar/estudioTerreno/1785
Coghlan,Manuela Pedraza 3861,196.50m2,7.93m,8.90m,27.16m,22.40m,m,m,USAA  (Codigo Anterior : R2BI - FOT: 1.6),MIXTURA 3,,PB + 7 PISOS + 2 RETIROS,1240.48m2,,U$S  420.000,PLUSVALIA  U$S 20.355,https://lideresenterrenos.com.ar/estudioTerreno/1785
Coghlan,"Balbin, Ricardo, Dr. Av.  2730",196.50m2,7.93m,8.90m,27.16m,22.40m,m,m,USAA  (Codigo Anterior : R2BI - FOT: 1.6),MIXTURA 3,,PB + 7 PISOS + 2 RETIROS,1240.48m2,,U$S  420.000,PLUSVALIA  U$S 20.355,https://lideresenterrenos.com.ar/estudioTerreno/1785
Colegiales,DELGADO 1486,868.09m2,20.83m,20.85m,40.85m,42.46m,27.02 m,36.02 m,CA  (Codigo Anterior : C3I - FOT: 4),MIXTURA 4,,PB + 12 PISOS + 2 RETIROS,9059.08m2,,U$S  350.000,PLUSVALIA  U$S 49.412,https://lideresenterrenos.com.ar/estudioTerreno/1589
Colegiales,"CABILDO 450, PLANOS APROBADOS",868.09m2,20.83m,20.85m,40.85m,42.46m,27.02 m,36.02 m,CA  (Codigo Anterior : C3I - FOT: 4),MIXTURA 4,,PB + 12 PISOS + 2 RETIROS,9059.08m2,,U$S  350.000,PLUSVALIA  U$S 49.412,https://lideresenterrenos.com.ar/estudioTerreno/1589
Constitucion,VIRREY CEVALLOS 1048,338.00m2,8.66m,8.62m,39.20m,39.04m,21.24 m,28.32 m,USAM  (Codigo Anterior : E3 - FOT: 3),MIXTURA 3,,PB + 5 PISOS + 2 RETIROS,831.32m2,,U$S  700.000,PLUSVALIA  U$S 2.422,https://lideresenterrenos.com.ar/estudioTerreno/368
Constitucion,RONDEAU 1780,338.00m2,8.66m,8.62m,39.20m,39.04m,21.24 m,28.32 m,USAM  (Codigo Anterior : E3 - FOT: 3),MIXTURA 3,,PB + 5 PISOS + 2 RETIROS,831.32m2,,U$S  700.000,PLUSVALIA  U$S 2.422,https://lideresenterrenos.com.ar/estudioTerreno/368
Constitucion,RONDEAU  1786,338.00m2,8.66m,8.62m,39.20m,39.04m,21.24 m,28.32 m,USAM  (Codigo Anterior : E3 - FOT: 3),MIXTURA 3,,PB + 5 PISOS + 2 RETIROS,831.32m2,,U$S  700.000,PLUSVALIA  U$S 2.422,https://lideresenterrenos.com.ar/estudioTerreno/368
Constitucion,"Saenz PeÑa, Luis, Pres. 1619",338.00m2,8.66m,8.62m,39.20m,39.04m,21.24 m,28.32 m,USAM  (Codigo Anterior : E3 - FOT: 3),MIXTURA 3,,PB + 5 PISOS + 2 RETIROS,831.32m2,,U$S  700.000,PLUSVALIA  U$S 2.422,https://lideresenterrenos.com.ar/estudioTerreno/368
Constitucion,Rondeau 1567,338.00m2,8.66m,8.62m,39.20m,39.04m,21.24 m,28.32 m,USAM  (Codigo Anterior : E3 - FOT: 3),MIXTURA 3,,PB + 5 PISOS + 2 RETIROS,831.32m2,,U$S  700.000,PLUSVALIA  U$S 2.422,https://lideresenterrenos.com.ar/estudioTerreno/368
Constitucion,FILIBERTO 1715,338.00m2,8.66m,8.62m,39.20m,39.04m,21.24 m,28.32 m,USAM  (Codigo Anterior : E3 - FOT: 3),MIXTURA 3,,PB + 5 PISOS + 2 RETIROS,831.32m2,,U$S  700.000,PLUSVALIA  U$S 2.422,https://lideresenterrenos.com.ar/estudioTerreno/368
Constitucion,RONDEAU 1780 / 1786,338.00m2,8.66m,8.62m,39.20m,39.04m,21.24 m,28.32 m,USAM  (Codigo Anterior : E3 - FOT: 3),MIXTURA 3,,PB + 5 PISOS + 2 RETIROS,831.32m2,,U$S  700.000,PLUSVALIA  U$S 2.422,https://lideresenterrenos.com.ar/estudioTerreno/368
Constitucion,LUIS SAENZ PEÑA  1855,338.00m2,8.66m,8.62m,39.20m,39.04m,21.24 m,28.32 m,USAM  (Codigo Anterior : E3 - FOT: 3),MIXTURA 3,,PB + 5 PISOS + 2 RETIROS,831.32m2,,U$S  700.000,PLUSVALIA  U$S 2.422,https://lideresenterrenos.com.ar/estudioTerreno/368
Flores,REMEDIOS 3084,922.13m2,16.46m,24.88m,52.14m,51.92m,No Alcanzada,m,CA  (Codigo Anterior : C2 - FOT: 5),MIXTURA 4,,PB + 12 PISOS + 2 RETIROS,11482.74m2,,U$S  198.000,PLUSVALIA  U$S 0,https://lideresenterrenos.com.ar/estudioTerreno/940
Flores,"Falcon, Ramon L.,Cnel. 3032 / 38",922.13m2,16.46m,24.88m,52.14m,51.92m,No Alcanzada,m,CA  (Codigo Anterior : C2 - FOT: 5),MIXTURA 4,,PB + 12 PISOS + 2 RETIROS,11482.74m2,,U$S  198.000,PLUSVALIA  U$S 0,https://lideresenterrenos.com.ar/estudioTerreno/940
Flores,MENDEZ DE ANDES 1950,922.13m2,16.46m,24.88m,52.14m,51.92m,No Alcanzada,m,CA  (Codigo Anterior : C2 - FOT: 5),MIXTURA 4,,PB + 12 PISOS + 2 RETIROS,11482.74m2,,U$S  198.000,PLUSVALIA  U$S 0,https://lideresenterrenos.com.ar/estudioTerreno/940
Flores,GAVILAN 1052,922.13m2,16.46m,24.88m,52.14m,51.92m,No Alcanzada,m,CA  (Codigo Anterior : C2 - FOT: 5),MIXTURA 4,,PB + 12 PISOS + 2 RETIROS,11482.74m2,,U$S  198.000,PLUSVALIA  U$S 0,https://lideresenterrenos.com.ar/estudioTerreno/940
Flores,BILBAO 3326 / 3348,922.13m2,16.46m,24.88m,52.14m,51.92m,No Alcanzada,m,CA  (Codigo Anterior : C2 - FOT: 5),MIXTURA 4,,PB + 12 PISOS + 2 RETIROS,11482.74m2,,U$S  198.000,PLUSVALIA  U$S 0,https://lideresenterrenos.com.ar/estudioTerreno/940
Flores,AV RIVADAVIA  7283,922.13m2,16.46m,24.88m,52.14m,51.92m,No Alcanzada,m,CA  (Codigo Anterior : C2 - FOT: 5),MIXTURA 4,,PB + 12 PISOS + 2 RETIROS,11482.74m2,,U$S  198.000,PLUSVALIA  U$S 0,https://lideresenterrenos.com.ar/estudioTerreno/940
Floresta,PERGAMINO 266,488.29m2,8.70m,8.60m,56.27m,56.63m,No Alcanzada,m,CM  (Codigo Anterior : C3II - FOT: LIBRE),MIXTURA 4,,PB + 10 PISOS + 2 RETIROS,1717.80m2,,U$S  320.000,PLUSVALIA  U$S 6.754,https://lideresenterrenos.com.ar/estudioTerreno/1462
Floresta,BARADERO 140,488.29m2,8.70m,8.60m,56.27m,56.63m,No Alcanzada,m,CM  (Codigo Anterior : C3II - FOT: LIBRE),MIXTURA 4,,PB + 10 PISOS + 2 RETIROS,1717.80m2,,U$S  320.000,PLUSVALIA  U$S 6.754,https://lideresenterrenos.com.ar/estudioTerreno/1462
Floresta,BAHIA BLANCA 1162,488.29m2,8.70m,8.60m,56.27m,56.63m,No Alcanzada,m,CM  (Codigo Anterior : C3II - FOT: LIBRE),MIXTURA 4,,PB + 10 PISOS + 2 RETIROS,1717.80m2,,U$S  320.000,PLUSVALIA  U$S 6.754,https://lideresenterrenos.com.ar/estudioTerreno/1462
Floresta,AV. RIVADAVIA 8269,488.29m2,8.70m,8.60m,56.27m,56.63m,No Alcanzada,m,CM  (Codigo Anterior : C3II - FOT: LIBRE),MIXTURA 4,,PB + 10 PISOS + 2 RETIROS,1717.80m2,,U$S  320.000,PLUSVALIA  U$S 6.754,https://lideresenterrenos.com.ar/estudioTerreno/1462
La Boca,IRALA 1175,322.69m2,11.43m,11.14m,29.65m,27.54m,No Alcanzada,m,USAB 2  (Codigo Anterior : E3 2 - FOT: 3),MIXTURA 3,,PB + 3 PISOS + 1 RETIRO,977.38m2,,U$S  119.000,PLUSVALIA  U$S 0,https://lideresenterrenos.com.ar/estudioTerreno/226
La Boca,IRALA 1152,322.69m2,11.43m,11.14m,29.65m,27.54m,No Alcanzada,m,USAB 2  (Codigo Anterior : E3 2 - FOT: 3),MIXTURA 3,,PB + 3 PISOS + 1 RETIRO,977.38m2,,U$S  119.000,PLUSVALIA  U$S 0,https://lideresenterrenos.com.ar/estudioTerreno/226
La Boca,IRALA 625,322.69m2,11.43m,11.14m,29.65m,27.54m,No Alcanzada,m,USAB 2  (Codigo Anterior : E3 2 - FOT: 3),MIXTURA 3,,PB + 3 PISOS + 1 RETIRO,977.38m2,,U$S  119.000,PLUSVALIA  U$S 0,https://lideresenterrenos.com.ar/estudioTerreno/226
La Paternal,Chorroarin 121/27/37,216.93m2,8.66m,8.66m,24.60m,25.50m,16.31 m,m,USAM  (Codigo Anterior : E3 - FOT: 3),MIXTURA 3,,PB + 5 PISOS + 2 RETIROS,835.96m2,,U$S  1.350.000,PLUSVALIA  U$S 24.694,https://lideresenterrenos.com.ar/estudioTerreno/248
La Paternal,AV. SAN MARTIN 2289,216.93m2,8.66m,8.66m,24.60m,25.50m,16.31 m,m,USAM  (Codigo Anterior : E3 - FOT: 3),MIXTURA 3,,PB + 5 PISOS + 2 RETIROS,835.96m2,,U$S  1.350.000,PLUSVALIA  U$S 24.694,https://lideresenterrenos.com.ar/estudioTerreno/248
La Paternal,Chorroarin 109/15/21/27/37/47,216.93m2,8.66m,8.66m,24.60m,25.50m,16.31 m,m,USAM  (Codigo Anterior : E3 - FOT: 3),MIXTURA 3,,PB + 5 PISOS + 2 RETIROS,835.96m2,,U$S  1.350.000,PLUSVALIA  U$S 24.694,https://lideresenterrenos.com.ar/estudioTerreno/248
La Paternal,CHORROARIN 109,216.93m2,8.66m,8.66m,24.60m,25.50m,16.31 m,m,USAM  (Codigo Anterior : E3 - FOT: 3),MIXTURA 3,,PB + 5 PISOS + 2 RETIROS,835.96m2,,U$S  1.350.000,PLUSVALIA  U$S 24.694,https://lideresenterrenos.com.ar/estudioTerreno/248
La Paternal,ALVAREZ JONTE 1691,216.93m2,8.66m,8.66m,24.60m,25.50m,16.31 m,m,USAM  (Codigo Anterior : E3 - FOT: 3),MIXTURA 3,,PB + 5 PISOS + 2 RETIROS,835.96m2,,U$S  1.350.000,PLUSVALIA  U$S 24.694,https://lideresenterrenos.com.ar/estudioTerreno/248
La Paternal,CHORROARIN 137,216.93m2,8.66m,8.66m,24.60m,25.50m,16.31 m,m,USAM  (Codigo Anterior : E3 - FOT: 3),MIXTURA 3,,PB + 5 PISOS + 2 RETIROS,835.96m2,,U$S  1.350.000,PLUSVALIA  U$S 24.694,https://lideresenterrenos.com.ar/estudioTerreno/248
La Paternal,CHORROARIN 147,216.93m2,8.66m,8.66m,24.60m,25.50m,16.31 m,m,USAM  (Codigo Anterior : E3 - FOT: 3),MIXTURA 3,,PB + 5 PISOS + 2 RETIROS,835.96m2,,U$S  1.350.000,PLUSVALIA  U$S 24.694,https://lideresenterrenos.com.ar/estudioTerreno/248
La Paternal,CHORROARIN 127,216.93m2,8.66m,8.66m,24.60m,25.50m,16.31 m,m,USAM  (Codigo Anterior : E3 - FOT: 3),MIXTURA 3,,PB + 5 PISOS + 2 RETIROS,835.96m2,,U$S  1.350.000,PLUSVALIA  U$S 24.694,https://lideresenterrenos.com.ar/estudioTerreno/248
La Paternal,Balboa 220,216.93m2,8.66m,8.66m,24.60m,25.50m,16.31 m,m,USAM  (Codigo Anterior : E3 - FOT: 3),MIXTURA 3,,PB + 5 PISOS + 2 RETIROS,835.96m2,,U$S  1.350.000,PLUSVALIA  U$S 24.694,https://lideresenterrenos.com.ar/estudioTerreno/248
La Paternal,CHORROARIN 121,216.93m2,8.66m,8.66m,24.60m,25.50m,16.31 m,m,USAM  (Codigo Anterior : E3 - FOT: 3),MIXTURA 3,,PB + 5 PISOS + 2 RETIROS,835.96m2,,U$S  1.350.000,PLUSVALIA  U$S 24.694,https://lideresenterrenos.com.ar/estudioTerreno/248
La Paternal,CHORROARIN  109/115,216.93m2,8.66m,8.66m,24.60m,25.50m,16.31 m,m,USAM  (Codigo Anterior : E3 - FOT: 3),MIXTURA 3,,PB + 5 PISOS + 2 RETIROS,835.96m2,,U$S  1.350.000,PLUSVALIA  U$S 24.694,https://lideresenterrenos.com.ar/estudioTerreno/248
La Paternal,"Segui, F. J., Alte. 2541",216.93m2,8.66m,8.66m,24.60m,25.50m,16.31 m,m,USAM  (Codigo Anterior : E3 - FOT: 3),MIXTURA 3,,PB + 5 PISOS + 2 RETIROS,835.96m2,,U$S  1.350.000,PLUSVALIA  U$S 24.694,https://lideresenterrenos.com.ar/estudioTerreno/248
La Paternal,Chorroarin 121/27/37/47,216.93m2,8.66m,8.66m,24.60m,25.50m,16.31 m,m,USAM  (Codigo Anterior : E3 - FOT: 3),MIXTURA 3,,PB + 5 PISOS + 2 RETIROS,835.96m2,,U$S  1.350.000,PLUSVALIA  U$S 24.694,https://lideresenterrenos.com.ar/estudioTerreno/248
La Paternal,MATURIN  2475,216.93m2,8.66m,8.66m,24.60m,25.50m,16.31 m,m,USAM  (Codigo Anterior : E3 - FOT: 3),MIXTURA 3,,PB + 5 PISOS + 2 RETIROS,835.96m2,,U$S  1.350.000,PLUSVALIA  U$S 24.694,https://lideresenterrenos.com.ar/estudioTerreno/248
Liniers,HUMAITA 7241,244.36m2,8.66m,8.60m,28.35m,28.28m,No Alcanzada,m,AE 26 - 1 = USAB 1  (Codigo Anterior : RIBI - FOT: 1),MIXTURA  1,,PB + 2 PISOS,419.21m2,,U$S  150.000,PLUSVALIA  U$S 903,https://lideresenterrenos.com.ar/estudioTerreno/1259
Mataderos,LARRAZABAL 1471,395.81m2,8.73m,17.63m,35.63m,35.55m,25.65 m,m,USAM  (Codigo Anterior : R2BIII - FOT: 1.2),MIXTURA 3,,PB + 5 PISOS + 2 RETIROS,900.87m2,,U$S  360.000,PLUSVALIA  U$S 14.160,https://lideresenterrenos.com.ar/estudioTerreno/680
Monte Castro,ALCARAZ 4337,225.58m2,8.66m,8.80m,25.98m,25.70m,No Alcanzada,m,AE 26 - 1 = USAB 1  (Codigo Anterior : R2BII - FOT: 1.2),MIXTURA  1,,PB + 2 PISOS,395.88m2,,U$S  1.200.000,PLUSVALIA  U$S 0,https://lideresenterrenos.com.ar/estudioTerreno/1470
Monte Castro,NEMESIO TREJO 5180,225.58m2,8.66m,8.80m,25.98m,25.70m,No Alcanzada,m,AE 26 - 1 = USAB 1  (Codigo Anterior : R2BII - FOT: 1.2),MIXTURA  1,,PB + 2 PISOS,395.88m2,,U$S  1.200.000,PLUSVALIA  U$S 0,https://lideresenterrenos.com.ar/estudioTerreno/1470
Monte Castro,Marcos Paz 2123,225.58m2,8.66m,8.80m,25.98m,25.70m,No Alcanzada,m,AE 26 - 1 = USAB 1  (Codigo Anterior : R2BII - FOT: 1.2),MIXTURA  1,,PB + 2 PISOS,395.88m2,,U$S  1.200.000,PLUSVALIA  U$S 0,https://lideresenterrenos.com.ar/estudioTerreno/1470
Monte Castro,COLIQUEO 2170,225.58m2,8.66m,8.80m,25.98m,25.70m,No Alcanzada,m,AE 26 - 1 = USAB 1  (Codigo Anterior : R2BII - FOT: 1.2),MIXTURA  1,,PB + 2 PISOS,395.88m2,,U$S  1.200.000,PLUSVALIA  U$S 0,https://lideresenterrenos.com.ar/estudioTerreno/1470
Nueva Pompeya,AV FERNANDEZ DE LA CRUZ 1105,549.93m2,31.78m,21.53m,14.76m,30.77m,No Alcanzada,m,CM  (Codigo Anterior : C3II - FOT: LIBRE),MIXTURA 4,,PB + 10 PISOS + 2 RETIROS,6739.93m2,,U$S  395.000,PLUSVALIA  U$S 0,https://lideresenterrenos.com.ar/estudioTerreno/741
Nueva Pompeya,Achala  3562,549.93m2,31.78m,21.53m,14.76m,30.77m,No Alcanzada,m,CM  (Codigo Anterior : C3II - FOT: LIBRE),MIXTURA 4,,PB + 10 PISOS + 2 RETIROS,6739.93m2,,U$S  395.000,PLUSVALIA  U$S 0,https://lideresenterrenos.com.ar/estudioTerreno/741
Nueva Pompeya,CHICLANA 3940 / 52,549.93m2,31.78m,21.53m,14.76m,30.77m,No Alcanzada,m,CM  (Codigo Anterior : C3II - FOT: LIBRE),MIXTURA 4,,PB + 10 PISOS + 2 RETIROS,6739.93m2,,U$S  395.000,PLUSVALIA  U$S 0,https://lideresenterrenos.com.ar/estudioTerreno/741
Nueva Pompeya,MATANZA 3418,549.93m2,31.78m,21.53m,14.76m,30.77m,No Alcanzada,m,CM  (Codigo Anterior : C3II - FOT: LIBRE),MIXTURA 4,,PB + 10 PISOS + 2 RETIROS,6739.93m2,,U$S  395.000,PLUSVALIA  U$S 0,https://lideresenterrenos.com.ar/estudioTerreno/741
Nueva Pompeya,CHICLANA 3929/39,549.93m2,31.78m,21.53m,14.76m,30.77m,No Alcanzada,m,CM  (Codigo Anterior : C3II - FOT: LIBRE),MIXTURA 4,,PB + 10 PISOS + 2 RETIROS,6739.93m2,,U$S  395.000,PLUSVALIA  U$S 0,https://lideresenterrenos.com.ar/estudioTerreno/741
Nueva Pompeya,CASEROS 3590,549.93m2,31.78m,21.53m,14.76m,30.77m,No Alcanzada,m,CM  (Codigo Anterior : C3II - FOT: LIBRE),MIXTURA 4,,PB + 10 PISOS + 2 RETIROS,6739.93m2,,U$S  395.000,PLUSVALIA  U$S 0,https://lideresenterrenos.com.ar/estudioTerreno/741
Nueva Pompeya,CHICLANA 3952,549.93m2,31.78m,21.53m,14.76m,30.77m,No Alcanzada,m,CM  (Codigo Anterior : C3II - FOT: LIBRE),MIXTURA 4,,PB + 10 PISOS + 2 RETIROS,6739.93m2,,U$S  395.000,PLUSVALIA  U$S 0,https://lideresenterrenos.com.ar/estudioTerreno/741
Nueva Pompeya,CHICLANA 3939,549.93m2,31.78m,21.53m,14.76m,30.77m,No Alcanzada,m,CM  (Codigo Anterior : C3II - FOT: LIBRE),MIXTURA 4,,PB + 10 PISOS + 2 RETIROS,6739.93m2,,U$S  395.000,PLUSVALIA  U$S 0,https://lideresenterrenos.com.ar/estudioTerreno/741
Nueva Pompeya,CASEROS 4194,549.93m2,31.78m,21.53m,14.76m,30.77m,No Alcanzada,m,CM  (Codigo Anterior : C3II - FOT: LIBRE),MIXTURA 4,,PB + 10 PISOS + 2 RETIROS,6739.93m2,,U$S  395.000,PLUSVALIA  U$S 0,https://lideresenterrenos.com.ar/estudioTerreno/741
Nueva Pompeya,SAENZ  168,549.93m2,31.78m,21.53m,14.76m,30.77m,No Alcanzada,m,CM  (Codigo Anterior : C3II - FOT: LIBRE),MIXTURA 4,,PB + 10 PISOS + 2 RETIROS,6739.93m2,,U$S  395.000,PLUSVALIA  U$S 0,https://lideresenterrenos.com.ar/estudioTerreno/741
Nueva Pompeya,GUARANI 384,549.93m2,31.78m,21.53m,14.76m,30.77m,No Alcanzada,m,CM  (Codigo Anterior : C3II - FOT: LIBRE),MIXTURA 4,,PB + 10 PISOS + 2 RETIROS,6739.93m2,,U$S  395.000,PLUSVALIA  U$S 0,https://lideresenterrenos.com.ar/estudioTerreno/741
Nueva Pompeya,CHICLANA 3940,549.93m2,31.78m,21.53m,14.76m,30.77m,No Alcanzada,m,CM  (Codigo Anterior : C3II - FOT: LIBRE),MIXTURA 4,,PB + 10 PISOS + 2 RETIROS,6739.93m2,,U$S  395.000,PLUSVALIA  U$S 0,https://lideresenterrenos.com.ar/estudioTerreno/741
Nueva Pompeya,CASEROS  3874/98,549.93m2,31.78m,21.53m,14.76m,30.77m,No Alcanzada,m,CM  (Codigo Anterior : C3II - FOT: LIBRE),MIXTURA 4,,PB + 10 PISOS + 2 RETIROS,6739.93m2,,U$S  395.000,PLUSVALIA  U$S 0,https://lideresenterrenos.com.ar/estudioTerreno/741
Nuñez,JUANA AZURDUY 2480,295.67m2,8.66m,8.58m,34.10m,34.50m,21.77 m,m,CM  (Codigo Anterior : C3I - FOT: 4),MIXTURA  2,,PB + 10 PISOS + 2 RETIROS,1897.64m2,,U$S  890.000,PLUSVALIA  U$S 82.057,https://lideresenterrenos.com.ar/estudioTerreno/926
Palermo,MALABIA 1459,247.22m2,9.95m,11m,22.40m,27.30m,No Alcanzada,m,CM  (Codigo Anterior : C3II - FOT: LIBRE),MIXTURA 4,,PB + 10 PISOS + 2 RETIROS,1922.90m2,,U$S  780.000,PLUSVALIA  U$S 96.039,https://lideresenterrenos.com.ar/estudioTerreno/624
Palermo,"Ravignani, Emilio, Dr. 1385",247.22m2,9.95m,11m,22.40m,27.30m,No Alcanzada,m,CM  (Codigo Anterior : C3II - FOT: LIBRE),MIXTURA 4,,PB + 10 PISOS + 2 RETIROS,1922.90m2,,U$S  780.000,PLUSVALIA  U$S 96.039,https://lideresenterrenos.com.ar/estudioTerreno/624
Palermo,GORRITI 3930,247.22m2,9.95m,11m,22.40m,27.30m,No Alcanzada,m,CM  (Codigo Anterior : C3II - FOT: LIBRE),MIXTURA 4,,PB + 10 PISOS + 2 RETIROS,1922.90m2,,U$S  780.000,PLUSVALIA  U$S 96.039,https://lideresenterrenos.com.ar/estudioTerreno/624
Palermo,CESPEDES 2319,247.22m2,9.95m,11m,22.40m,27.30m,No Alcanzada,m,CM  (Codigo Anterior : C3II - FOT: LIBRE),MIXTURA 4,,PB + 10 PISOS + 2 RETIROS,1922.90m2,,U$S  780.000,PLUSVALIA  U$S 96.039,https://lideresenterrenos.com.ar/estudioTerreno/624
Palermo,NICETO VEGA 5035,247.22m2,9.95m,11m,22.40m,27.30m,No Alcanzada,m,CM  (Codigo Anterior : C3II - FOT: LIBRE),MIXTURA 4,,PB + 10 PISOS + 2 RETIROS,1922.90m2,,U$S  780.000,PLUSVALIA  U$S 96.039,https://lideresenterrenos.com.ar/estudioTerreno/624
Palermo,"CABRERA, JOSE, ANTONIO 3730",247.22m2,9.95m,11m,22.40m,27.30m,No Alcanzada,m,CM  (Codigo Anterior : C3II - FOT: LIBRE),MIXTURA 4,,PB + 10 PISOS + 2 RETIROS,1922.90m2,,U$S  780.000,PLUSVALIA  U$S 96.039,https://lideresenterrenos.com.ar/estudioTerreno/624
Palermo,DARWIN 1429,247.22m2,9.95m,11m,22.40m,27.30m,No Alcanzada,m,CM  (Codigo Anterior : C3II - FOT: LIBRE),MIXTURA 4,,PB + 10 PISOS + 2 RETIROS,1922.90m2,,U$S  780.000,PLUSVALIA  U$S 96.039,https://lideresenterrenos.com.ar/estudioTerreno/624
Palermo,JULIAN ALVAREZ 1105,247.22m2,9.95m,11m,22.40m,27.30m,No Alcanzada,m,CM  (Codigo Anterior : C3II - FOT: LIBRE),MIXTURA 4,,PB + 10 PISOS + 2 RETIROS,1922.90m2,,U$S  780.000,PLUSVALIA  U$S 96.039,https://lideresenterrenos.com.ar/estudioTerreno/624
Palermo,Uriarte 1296,247.22m2,9.95m,11m,22.40m,27.30m,No Alcanzada,m,CM  (Codigo Anterior : C3II - FOT: LIBRE),MIXTURA 4,,PB + 10 PISOS + 2 RETIROS,1922.90m2,,U$S  780.000,PLUSVALIA  U$S 96.039,https://lideresenterrenos.com.ar/estudioTerreno/624
Palermo,CORDOBA  4261,247.22m2,9.95m,11m,22.40m,27.30m,No Alcanzada,m,CM  (Codigo Anterior : C3II - FOT: LIBRE),MIXTURA 4,,PB + 10 PISOS + 2 RETIROS,1922.90m2,,U$S  780.000,PLUSVALIA  U$S 96.039,https://lideresenterrenos.com.ar/estudioTerreno/624
Palermo,CIUDAD DE LA PAZ 321,247.22m2,9.95m,11m,22.40m,27.30m,No Alcanzada,m,CM  (Codigo Anterior : C3II - FOT: LIBRE),MIXTURA 4,,PB + 10 PISOS + 2 RETIROS,1922.90m2,,U$S  780.000,PLUSVALIA  U$S 96.039,https://lideresenterrenos.com.ar/estudioTerreno/624
Palermo,"Cabrera, Jose A.  4410",247.22m2,9.95m,11m,22.40m,27.30m,No Alcanzada,m,CM  (Codigo Anterior : C3II - FOT: LIBRE),MIXTURA 4,,PB + 10 PISOS + 2 RETIROS,1922.90m2,,U$S  780.000,PLUSVALIA  U$S 96.039,https://lideresenterrenos.com.ar/estudioTerreno/624
Palermo,MALABIA 1270,247.22m2,9.95m,11m,22.40m,27.30m,No Alcanzada,m,CM  (Codigo Anterior : C3II - FOT: LIBRE),MIXTURA 4,,PB + 10 PISOS + 2 RETIROS,1922.90m2,,U$S  780.000,PLUSVALIA  U$S 96.039,https://lideresenterrenos.com.ar/estudioTerreno/624
Palermo,CORDOBA 4175,247.22m2,9.95m,11m,22.40m,27.30m,No Alcanzada,m,CM  (Codigo Anterior : C3II - FOT: LIBRE),MIXTURA 4,,PB + 10 PISOS + 2 RETIROS,1922.90m2,,U$S  780.000,PLUSVALIA  U$S 96.039,https://lideresenterrenos.com.ar/estudioTerreno/624
Parque Avellaneda,BONIFACIO 3960,239.59m2,8.77m,9.15m,28m,25.48m,21.23 m,m,USAA  (Codigo Anterior : R2AII - FOT: 3.46),MIXTURA 3,,PB + 7 PISOS + 2 RETIROS,1096.49m2,,U$S  230.000,PLUSVALIA  U$S 3.294,https://lideresenterrenos.com.ar/estudioTerreno/788
Parque Chacabuco,GREGORIO LAFERRERE 1127,124.61m2,10.10m,10.20m,13.50m,13.64m,No Alcanzada,m,USAM  (Codigo Anterior : R2BI - FOT: 1.6 +25%),MIXTURA  2,,PB + 5 PISOS + 2 RETIROS,913.98m2,,U$S  950.000,PLUSVALIA  U$S 6.448,https://lideresenterrenos.com.ar/estudioTerreno/585
Parque Chacabuco,VIEL 1361,124.61m2,10.10m,10.20m,13.50m,13.64m,No Alcanzada,m,USAM  (Codigo Anterior : R2BI - FOT: 1.6 +25%),MIXTURA  2,,PB + 5 PISOS + 2 RETIROS,913.98m2,,U$S  950.000,PLUSVALIA  U$S 6.448,https://lideresenterrenos.com.ar/estudioTerreno/585
Parque Chacabuco,SENILLOSA 1197,124.61m2,10.10m,10.20m,13.50m,13.64m,No Alcanzada,m,USAM  (Codigo Anterior : R2BI - FOT: 1.6 +25%),MIXTURA  2,,PB + 5 PISOS + 2 RETIROS,913.98m2,,U$S  950.000,PLUSVALIA  U$S 6.448,https://lideresenterrenos.com.ar/estudioTerreno/585
Parque Chas,GANDARA 2923,420.55m2,8.66m,8.70m,47.90m,49m,30.09 m,40.12 m,USAM  (Codigo Anterior : E3 - FOT: 3),MIXTURA 3,,PB + 5 PISOS + 2 RETIROS,1503.35m2,,U$S  355.000,PLUSVALIA  U$S 0,https://lideresenterrenos.com.ar/estudioTerreno/773
Parque Chas,AVALOS 1135,420.55m2,8.66m,8.70m,47.90m,49m,30.09 m,40.12 m,USAM  (Codigo Anterior : E3 - FOT: 3),MIXTURA 3,,PB + 5 PISOS + 2 RETIROS,1503.35m2,,U$S  355.000,PLUSVALIA  U$S 0,https://lideresenterrenos.com.ar/estudioTerreno/773
Parque Chas,AV DE LOS INCAS 5441,420.55m2,8.66m,8.70m,47.90m,49m,30.09 m,40.12 m,USAM  (Codigo Anterior : E3 - FOT: 3),MIXTURA 3,,PB + 5 PISOS + 2 RETIROS,1503.35m2,,U$S  355.000,PLUSVALIA  U$S 0,https://lideresenterrenos.com.ar/estudioTerreno/773
Parque Chas,ARISMENDI  2753,420.55m2,8.66m,8.70m,47.90m,49m,30.09 m,40.12 m,USAM  (Codigo Anterior : E3 - FOT: 3),MIXTURA 3,,PB + 5 PISOS + 2 RETIROS,1503.35m2,,U$S  355.000,PLUSVALIA  U$S 0,https://lideresenterrenos.com.ar/estudioTerreno/773
Parque Chas,LLERENA 3138,420.55m2,8.66m,8.70m,47.90m,49m,30.09 m,40.12 m,USAM  (Codigo Anterior : E3 - FOT: 3),MIXTURA 3,,PB + 5 PISOS + 2 RETIROS,1503.35m2,,U$S  355.000,PLUSVALIA  U$S 0,https://lideresenterrenos.com.ar/estudioTerreno/773
Parque Patricios,LUNA 388,186.79m2,8.65m,8.53m,21.62m,21.87m,No Alcanzada,m,USAB 2  (Codigo Anterior : R2bI - FOT: 1.6),MIXTURA  2,,PB + 3 PISOS + 1 RETIRO,513.64m2,,U$S  260.000,PLUSVALIA  U$S 38.816,https://lideresenterrenos.com.ar/estudioTerreno/1581
Parque Patricios,Jujuy 1820 esq Brasil 2600,186.79m2,8.65m,8.53m,21.62m,21.87m,No Alcanzada,m,USAB 2  (Codigo Anterior : R2bI - FOT: 1.6),MIXTURA  2,,PB + 3 PISOS + 1 RETIRO,513.64m2,,U$S  260.000,PLUSVALIA  U$S 38.816,https://lideresenterrenos.com.ar/estudioTerreno/1581
Parque Patricios,AV BRASIL 3098,186.79m2,8.65m,8.53m,21.62m,21.87m,No Alcanzada,m,USAB 2  (Codigo Anterior : R2bI - FOT: 1.6),MIXTURA  2,,PB + 3 PISOS + 1 RETIRO,513.64m2,,U$S  260.000,PLUSVALIA  U$S 38.816,https://lideresenterrenos.com.ar/estudioTerreno/1581
Parque Patricios,CATAMARCA  2010,186.79m2,8.65m,8.53m,21.62m,21.87m,No Alcanzada,m,USAB 2  (Codigo Anterior : R2bI - FOT: 1.6),MIXTURA  2,,PB + 3 PISOS + 1 RETIRO,513.64m2,,U$S  260.000,PLUSVALIA  U$S 38.816,https://lideresenterrenos.com.ar/estudioTerreno/1581
Parque Patricios,INCLAN  2576,186.79m2,8.65m,8.53m,21.62m,21.87m,No Alcanzada,m,USAB 2  (Codigo Anterior : R2bI - FOT: 1.6),MIXTURA  2,,PB + 3 PISOS + 1 RETIRO,513.64m2,,U$S  260.000,PLUSVALIA  U$S 38.816,https://lideresenterrenos.com.ar/estudioTerreno/1581
Parque Patricios,COLONIA 201,186.79m2,8.65m,8.53m,21.62m,21.87m,No Alcanzada,m,USAB 2  (Codigo Anterior : R2bI - FOT: 1.6),MIXTURA  2,,PB + 3 PISOS + 1 RETIRO,513.64m2,,U$S  260.000,PLUSVALIA  U$S 38.816,https://lideresenterrenos.com.ar/estudioTerreno/1581
Parque Patricios,Dean Funes  1720,186.79m2,8.65m,8.53m,21.62m,21.87m,No Alcanzada,m,USAB 2  (Codigo Anterior : R2bI - FOT: 1.6),MIXTURA  2,,PB + 3 PISOS + 1 RETIRO,513.64m2,,U$S  260.000,PLUSVALIA  U$S 38.816,https://lideresenterrenos.com.ar/estudioTerreno/1581
Recoleta,FRENCH  2675,196.83m2,8.57m,8.30m,23.30m,23.37m,20.36 m,m,CM  (Codigo Anterior : R2aI - FOT: 3.32),MIXTURA  2,,PB + 10 PISOS + 2 RETIROS,1537.18m2,,U$S  1.650.000,PLUSVALIA  U$S 116.094,https://lideresenterrenos.com.ar/estudioTerreno/1483
Recoleta,CHARCAS 2886,196.83m2,8.57m,8.30m,23.30m,23.37m,20.36 m,m,CM  (Codigo Anterior : R2aI - FOT: 3.32),MIXTURA  2,,PB + 10 PISOS + 2 RETIROS,1537.18m2,,U$S  1.650.000,PLUSVALIA  U$S 116.094,https://lideresenterrenos.com.ar/estudioTerreno/1483
Recoleta,URIBURU 1159,196.83m2,8.57m,8.30m,23.30m,23.37m,20.36 m,m,CM  (Codigo Anterior : R2aI - FOT: 3.32),MIXTURA  2,,PB + 10 PISOS + 2 RETIROS,1537.18m2,,U$S  1.650.000,PLUSVALIA  U$S 116.094,https://lideresenterrenos.com.ar/estudioTerreno/1483
Saavedra,CIUDAD DE LA PAZ 3870,152.37m2,8.66m,8.66m,17.49m,17.70m,No Alcanzada,m,USAA  (Codigo Anterior : R2BI - FOT: 1.6),MIXTURA  2,,PB + 7 PISOS + 2 RETIROS,1000.37m2,,U$S  8.900.000,PLUSVALIA  U$S 364.572,https://lideresenterrenos.com.ar/estudioTerreno/925
Saavedra,JARAMILLO 2710,152.37m2,8.66m,8.66m,17.49m,17.70m,No Alcanzada,m,USAA  (Codigo Anterior : R2BI - FOT: 1.6),MIXTURA  2,,PB + 7 PISOS + 2 RETIROS,1000.37m2,,U$S  8.900.000,PLUSVALIA  U$S 364.572,https://lideresenterrenos.com.ar/estudioTerreno/925
Saavedra,ROQUE PEREZ 4844,152.37m2,8.66m,8.66m,17.49m,17.70m,No Alcanzada,m,USAA  (Codigo Anterior : R2BI - FOT: 1.6),MIXTURA  2,,PB + 7 PISOS + 2 RETIROS,1000.37m2,,U$S  8.900.000,PLUSVALIA  U$S 364.572,https://lideresenterrenos.com.ar/estudioTerreno/925
Saavedra,RICARDO BALBIN 3675,152.37m2,8.66m,8.66m,17.49m,17.70m,No Alcanzada,m,USAA  (Codigo Anterior : R2BI - FOT: 1.6),MIXTURA  2,,PB + 7 PISOS + 2 RETIROS,1000.37m2,,U$S  8.900.000,PLUSVALIA  U$S 364.572,https://lideresenterrenos.com.ar/estudioTerreno/925
Saavedra,"Balbin, Ricardo, Dr. Av.  4607",152.37m2,8.66m,8.66m,17.49m,17.70m,No Alcanzada,m,USAA  (Codigo Anterior : R2BI - FOT: 1.6),MIXTURA  2,,PB + 7 PISOS + 2 RETIROS,1000.37m2,,U$S  8.900.000,PLUSVALIA  U$S 364.572,https://lideresenterrenos.com.ar/estudioTerreno/925
"Saavedra, Buenos Aires, Argentina",CABILDO 4932,126.36m2,9.79m,8.67m,12.52m,17.23m,No Alcanzada,m,USAA  (Codigo Anterior : C3II - FOT: LIBRE),MIXTURA 3,,PB + 7 PISOS + 2 RETIROS,1051.60m2,,U$S  1.800.000,PLUSVALIA  U$S 304.629,https://lideresenterrenos.com.ar/estudioTerreno/688
"Saavedra, Buenos Aires, Argentina",WASHINGTON 3950,126.36m2,9.79m,8.67m,12.52m,17.23m,No Alcanzada,m,USAA  (Codigo Anterior : C3II - FOT: LIBRE),MIXTURA 3,,PB + 7 PISOS + 2 RETIROS,1051.60m2,,U$S  1.800.000,PLUSVALIA  U$S 304.629,https://lideresenterrenos.com.ar/estudioTerreno/688
"Saavedra, Buenos Aires, Argentina",Ricardo Balbin  3801,126.36m2,9.79m,8.67m,12.52m,17.23m,No Alcanzada,m,USAA  (Codigo Anterior : C3II - FOT: LIBRE),MIXTURA 3,,PB + 7 PISOS + 2 RETIROS,1051.60m2,,U$S  1.800.000,PLUSVALIA  U$S 304.629,https://lideresenterrenos.com.ar/estudioTerreno/688
San Cristobal,HUMBERTO 1°  2651,190.57m2,8.70m,8.68m,21.95m,21.91m,23.21 m,m,USAM  (Codigo Anterior : R2AII - FOT: 2.77),MIXTURA 3,,PB + 5 PISOS + 2 RETIROS,843.36m2,,U$S  500.000,PLUSVALIA  U$S 48.830,https://lideresenterrenos.com.ar/estudioTerreno/1138
San Cristobal,SAN JUAN 3258 / 3266,190.57m2,8.70m,8.68m,21.95m,21.91m,23.21 m,m,USAM  (Codigo Anterior : R2AII - FOT: 2.77),MIXTURA 3,,PB + 5 PISOS + 2 RETIROS,843.36m2,,U$S  500.000,PLUSVALIA  U$S 48.830,https://lideresenterrenos.com.ar/estudioTerreno/1138
San Cristobal,CARLOS CALVO 2222,190.57m2,8.70m,8.68m,21.95m,21.91m,23.21 m,m,USAM  (Codigo Anterior : R2AII - FOT: 2.77),MIXTURA 3,,PB + 5 PISOS + 2 RETIROS,843.36m2,,U$S  500.000,PLUSVALIA  U$S 48.830,https://lideresenterrenos.com.ar/estudioTerreno/1138
San Cristobal,HUMBERTO 1°  2450,190.57m2,8.70m,8.68m,21.95m,21.91m,23.21 m,m,USAM  (Codigo Anterior : R2AII - FOT: 2.77),MIXTURA 3,,PB + 5 PISOS + 2 RETIROS,843.36m2,,U$S  500.000,PLUSVALIA  U$S 48.830,https://lideresenterrenos.com.ar/estudioTerreno/1138
San Cristobal,PAVON 2170,190.57m2,8.70m,8.68m,21.95m,21.91m,23.21 m,m,USAM  (Codigo Anterior : R2AII - FOT: 2.77),MIXTURA 3,,PB + 5 PISOS + 2 RETIROS,843.36m2,,U$S  500.000,PLUSVALIA  U$S 48.830,https://lideresenterrenos.com.ar/estudioTerreno/1138
Versalles,RUIZ DE LOS LLANOS 760,368.22m2,8.66m,8.66m,42.51m,42.53m,No Alcanzada,28.43 m,USAB 2  (Codigo Anterior : R1bI - FOT: 1),MIXTURA  2,,PB + 3 PISOS + 1 RETIRO,917.48m2,,U$S  290.000,PLUSVALIA  U$S 10.031,https://lideresenterrenos.com.ar/estudioTerreno/222
Villa Crespo,SERRANO 534,331.71m2,8.66m,8.68m,38.18m,38.34m,24 m,32 m,USAA  (Codigo Anterior : E3 - FOT: 3),MIXTURA  2,,PB + 7 PISOS + 2 RETIROS,1574.60m2,,U$S  900.000,PLUSVALIA  U$S 60.094,https://lideresenterrenos.com.ar/estudioTerreno/1652
Villa Crespo,CORDOBA 5022,331.71m2,8.66m,8.68m,38.18m,38.34m,24 m,32 m,USAA  (Codigo Anterior : E3 - FOT: 3),MIXTURA  2,,PB + 7 PISOS + 2 RETIROS,1574.60m2,,U$S  900.000,PLUSVALIA  U$S 60.094,https://lideresenterrenos.com.ar/estudioTerreno/1652
Villa Crespo,JULIAN ALVAREZ 1021,331.71m2,8.66m,8.68m,38.18m,38.34m,24 m,32 m,USAA  (Codigo Anterior : E3 - FOT: 3),MIXTURA  2,,PB + 7 PISOS + 2 RETIROS,1574.60m2,,U$S  900.000,PLUSVALIA  U$S 60.094,https://lideresenterrenos.com.ar/estudioTerreno/1652
Villa Crespo,MUÑECAS 1002,331.71m2,8.66m,8.68m,38.18m,38.34m,24 m,32 m,USAA  (Codigo Anterior : E3 - FOT: 3),MIXTURA  2,,PB + 7 PISOS + 2 RETIROS,1574.60m2,,U$S  900.000,PLUSVALIA  U$S 60.094,https://lideresenterrenos.com.ar/estudioTerreno/1652
Villa Crespo,MALABIA 234,331.71m2,8.66m,8.68m,38.18m,38.34m,24 m,32 m,USAA  (Codigo Anterior : E3 - FOT: 3),MIXTURA  2,,PB + 7 PISOS + 2 RETIROS,1574.60m2,,U$S  900.000,PLUSVALIA  U$S 60.094,https://lideresenterrenos.com.ar/estudioTerreno/1652
Villa Crespo,AGUIRRE 368,331.71m2,8.66m,8.68m,38.18m,38.34m,24 m,32 m,USAA  (Codigo Anterior : E3 - FOT: 3),MIXTURA  2,,PB + 7 PISOS + 2 RETIROS,1574.60m2,,U$S  900.000,PLUSVALIA  U$S 60.094,https://lideresenterrenos.com.ar/estudioTerreno/1652
Villa Crespo,THAMES 37,331.71m2,8.66m,8.68m,38.18m,38.34m,24 m,32 m,USAA  (Codigo Anterior : E3 - FOT: 3),MIXTURA  2,,PB + 7 PISOS + 2 RETIROS,1574.60m2,,U$S  900.000,PLUSVALIA  U$S 60.094,https://lideresenterrenos.com.ar/estudioTerreno/1652
Villa Crespo,Juan B Justo 1959,331.71m2,8.66m,8.68m,38.18m,38.34m,24 m,32 m,USAA  (Codigo Anterior : E3 - FOT: 3),MIXTURA  2,,PB + 7 PISOS + 2 RETIROS,1574.60m2,,U$S  900.000,PLUSVALIA  U$S 60.094,https://lideresenterrenos.com.ar/estudioTerreno/1652
Villa Crespo,MURILLO 866,331.71m2,8.66m,8.68m,38.18m,38.34m,24 m,32 m,USAA  (Codigo Anterior : E3 - FOT: 3),MIXTURA  2,,PB + 7 PISOS + 2 RETIROS,1574.60m2,,U$S  900.000,PLUSVALIA  U$S 60.094,https://lideresenterrenos.com.ar/estudioTerreno/1652
Villa Crespo,Remedios Escalada De S. Martin 755,331.71m2,8.66m,8.68m,38.18m,38.34m,24 m,32 m,USAA  (Codigo Anterior : E3 - FOT: 3),MIXTURA  2,,PB + 7 PISOS + 2 RETIROS,1574.60m2,,U$S  900.000,PLUSVALIA  U$S 60.094,https://lideresenterrenos.com.ar/estudioTerreno/1652
Villa del Parque,San Nicolas  3135,940m2,18.46m,35.70m,43.23m,43.61m,m,m,USAA  (Codigo Anterior : C3II - FOT: LIBRE),MIXTURA 4,,PB + 7 PISOS + 2 RETIROS,6500.00m2,,U$S  395.000,PLUSVALIA  U$S 0,https://lideresenterrenos.com.ar/estudioTerreno/2018
Villa del Parque,ARGERICH 3098,940m2,18.46m,35.70m,43.23m,43.61m,m,m,USAA  (Codigo Anterior : C3II - FOT: LIBRE),MIXTURA 4,,PB + 7 PISOS + 2 RETIROS,6500.00m2,,U$S  395.000,PLUSVALIA  U$S 0,https://lideresenterrenos.com.ar/estudioTerreno/2018
Villa del Parque,BUFANO 2515 / 2547,940m2,18.46m,35.70m,43.23m,43.61m,m,m,USAA  (Codigo Anterior : C3II - FOT: LIBRE),MIXTURA 4,,PB + 7 PISOS + 2 RETIROS,6500.00m2,,U$S  395.000,PLUSVALIA  U$S 0,https://lideresenterrenos.com.ar/estudioTerreno/2018
Villa del Parque,HELGUERA 3284,940m2,18.46m,35.70m,43.23m,43.61m,m,m,USAA  (Codigo Anterior : C3II - FOT: LIBRE),MIXTURA 4,,PB + 7 PISOS + 2 RETIROS,6500.00m2,,U$S  395.000,PLUSVALIA  U$S 0,https://lideresenterrenos.com.ar/estudioTerreno/2018
Villa del Parque,SAN MARTIN. AV 4102,940m2,18.46m,35.70m,43.23m,43.61m,m,m,USAA  (Codigo Anterior : C3II - FOT: LIBRE),MIXTURA 4,,PB + 7 PISOS + 2 RETIROS,6500.00m2,,U$S  395.000,PLUSVALIA  U$S 0,https://lideresenterrenos.com.ar/estudioTerreno/2018
Villa Devoto,CARLOS ANTONIO LOPEZ 3001,400.00m2,10m,10m,40m,40m,20.53 m,27.37 m,USAM  (Codigo Anterior : R1bI - FOT: 1),MIXTURA  2,,PB + 5 PISOS + 2 RETIROS,1305.10m2,,U$S  295.000,PLUSVALIA  U$S 50.735,https://lideresenterrenos.com.ar/estudioTerreno/1658
Villa Devoto,Nogoya 4462,400.00m2,10m,10m,40m,40m,20.53 m,27.37 m,USAM  (Codigo Anterior : R1bI - FOT: 1),MIXTURA  2,,PB + 5 PISOS + 2 RETIROS,1305.10m2,,U$S  295.000,PLUSVALIA  U$S 50.735,https://lideresenterrenos.com.ar/estudioTerreno/1658
Villa Devoto,MOSCONI 3522,400.00m2,10m,10m,40m,40m,20.53 m,27.37 m,USAM  (Codigo Anterior : R1bI - FOT: 1),MIXTURA  2,,PB + 5 PISOS + 2 RETIROS,1305.10m2,,U$S  295.000,PLUSVALIA  U$S 50.735,https://lideresenterrenos.com.ar/estudioTerreno/1658
Villa Devoto,TINOGASTA 4389,400.00m2,10m,10m,40m,40m,20.53 m,27.37 m,USAM  (Codigo Anterior : R1bI - FOT: 1),MIXTURA  2,,PB + 5 PISOS + 2 RETIROS,1305.10m2,,U$S  295.000,PLUSVALIA  U$S 50.735,https://lideresenterrenos.com.ar/estudioTerreno/1658
Villa Devoto,SAN MARTIN  6957,400.00m2,10m,10m,40m,40m,20.53 m,27.37 m,USAM  (Codigo Anterior : R1bI - FOT: 1),MIXTURA  2,,PB + 5 PISOS + 2 RETIROS,1305.10m2,,U$S  295.000,PLUSVALIA  U$S 50.735,https://lideresenterrenos.com.ar/estudioTerreno/1658
Villa Devoto,MELINCUE  3952,400.00m2,10m,10m,40m,40m,20.53 m,27.37 m,USAM  (Codigo Anterior : R1bI - FOT: 1),MIXTURA  2,,PB + 5 PISOS + 2 RETIROS,1305.10m2,,U$S  295.000,PLUSVALIA  U$S 50.735,https://lideresenterrenos.com.ar/estudioTerreno/1658
Villa Gral. Mitre,GAONA 2483,271.71m2,7.97m,8.06m,33.77m,34.03m,No Alcanzada,m,USAB 2  (Codigo Anterior : R2aII 16 - FOT: 3.46),MIXTURA  2,,PB + 3 PISOS + 1 RETIRO,879.26m2,,U$S  565.000,PLUSVALIA  U$S 0,https://lideresenterrenos.com.ar/estudioTerreno/681
Villa Gral. Mitre,GAONA 2323,271.71m2,7.97m,8.06m,33.77m,34.03m,No Alcanzada,m,USAB 2  (Codigo Anterior : R2aII 16 - FOT: 3.46),MIXTURA  2,,PB + 3 PISOS + 1 RETIRO,879.26m2,,U$S  565.000,PLUSVALIA  U$S 0,https://lideresenterrenos.com.ar/estudioTerreno/681
Villa Gral. Mitre,"Figueroa, D. Apolinario, Coron 1767",271.71m2,7.97m,8.06m,33.77m,34.03m,No Alcanzada,m,USAB 2  (Codigo Anterior : R2aII 16 - FOT: 3.46),MIXTURA  2,,PB + 3 PISOS + 1 RETIRO,879.26m2,,U$S  565.000,PLUSVALIA  U$S 0,https://lideresenterrenos.com.ar/estudioTerreno/681
Villa Gral. Mitre,JUAN B JUSTO  4305,271.71m2,7.97m,8.06m,33.77m,34.03m,No Alcanzada,m,USAB 2  (Codigo Anterior : R2aII 16 - FOT: 3.46),MIXTURA  2,,PB + 3 PISOS + 1 RETIRO,879.26m2,,U$S  565.000,PLUSVALIA  U$S 0,https://lideresenterrenos.com.ar/estudioTerreno/681
Villa Gral. Mitre,JUAN B JUSTO 4381,271.71m2,7.97m,8.06m,33.77m,34.03m,No Alcanzada,m,USAB 2  (Codigo Anterior : R2aII 16 - FOT: 3.46),MIXTURA  2,,PB + 3 PISOS + 1 RETIRO,879.26m2,,U$S  565.000,PLUSVALIA  U$S 0,https://lideresenterrenos.com.ar/estudioTerreno/681
Villa Gral. Mitre,LUIS VIALE 2350,271.71m2,7.97m,8.06m,33.77m,34.03m,No Alcanzada,m,USAB 2  (Codigo Anterior : R2aII 16 - FOT: 3.46),MIXTURA  2,,PB + 3 PISOS + 1 RETIRO,879.26m2,,U$S  565.000,PLUSVALIA  U$S 0,https://lideresenterrenos.com.ar/estudioTerreno/681
Villa Lugano,Av. Escalada  4310,13234.43m2,67.26m,173m,140m,140m,No Alcanzada,m,USAM  (Codigo Anterior : E3 - FOT: 3),MIXTURA  2,,PB + 5 PISOS + 2 RETIROS,42700.00m2,,U$S  2.890.000,PLUSVALIA  U$S 0,https://lideresenterrenos.com.ar/estudioTerreno/1507
Villa Luro,LEOPARDI 267,292.33m2,8.83m,8.78m,33.20m,33.20m,No Alcanzada,m,USAB 2  (Codigo Anterior : R2BI - FOT: 1.6),MIXTURA  2,,PB + 3 PISOS + 1 RETIRO,927.27m2,,U$S  240.000,PLUSVALIA  U$S 8.446,https://lideresenterrenos.com.ar/estudioTerreno/1609
Villa Ortuzar,COMBATIENTE DE MALVINAS  3075,699.46m2,20m,20.02m,40.39m,29.50m,20.91 m,m,USAM  (Codigo Anterior : E3 - FOT: 3),MIXTURA 3,,PB + 5 PISOS + 2 RETIROS,2385.00m2,,U$S  389.000,PLUSVALIA  U$S 33.856,https://lideresenterrenos.com.ar/estudioTerreno/613
Villa Ortuzar,TRONADOR 1415,699.46m2,20m,20.02m,40.39m,29.50m,20.91 m,m,USAM  (Codigo Anterior : E3 - FOT: 3),MIXTURA 3,,PB + 5 PISOS + 2 RETIROS,2385.00m2,,U$S  389.000,PLUSVALIA  U$S 33.856,https://lideresenterrenos.com.ar/estudioTerreno/613
Villa Ortuzar,CHORROARIN  1428,699.46m2,20m,20.02m,40.39m,29.50m,20.91 m,m,USAM  (Codigo Anterior : E3 - FOT: 3),MIXTURA 3,,PB + 5 PISOS + 2 RETIROS,2385.00m2,,U$S  389.000,PLUSVALIA  U$S 33.856,https://lideresenterrenos.com.ar/estudioTerreno/613
Villa Ortuzar,GUEVARA 1339,699.46m2,20m,20.02m,40.39m,29.50m,20.91 m,m,USAM  (Codigo Anterior : E3 - FOT: 3),MIXTURA 3,,PB + 5 PISOS + 2 RETIROS,2385.00m2,,U$S  389.000,PLUSVALIA  U$S 33.856,https://lideresenterrenos.com.ar/estudioTerreno/613
Villa Ortuzar,AV DE LOS INCAS 4250,699.46m2,20m,20.02m,40.39m,29.50m,20.91 m,m,USAM  (Codigo Anterior : E3 - FOT: 3),MIXTURA 3,,PB + 5 PISOS + 2 RETIROS,2385.00m2,,U$S  389.000,PLUSVALIA  U$S 33.856,https://lideresenterrenos.com.ar/estudioTerreno/613
Villa Ortuzar,HEREDIA 1395,699.46m2,20m,20.02m,40.39m,29.50m,20.91 m,m,USAM  (Codigo Anterior : E3 - FOT: 3),MIXTURA 3,,PB + 5 PISOS + 2 RETIROS,2385.00m2,,U$S  389.000,PLUSVALIA  U$S 33.856,https://lideresenterrenos.com.ar/estudioTerreno/613
Villa Ortuzar,MARIANO ACHA 1192,699.46m2,20m,20.02m,40.39m,29.50m,20.91 m,m,USAM  (Codigo Anterior : E3 - FOT: 3),MIXTURA 3,,PB + 5 PISOS + 2 RETIROS,2385.00m2,,U$S  389.000,PLUSVALIA  U$S 33.856,https://lideresenterrenos.com.ar/estudioTerreno/613
Villa Ortuzar,HEREDIA 734,699.46m2,20m,20.02m,40.39m,29.50m,20.91 m,m,USAM  (Codigo Anterior : E3 - FOT: 3),MIXTURA 3,,PB + 5 PISOS + 2 RETIROS,2385.00m2,,U$S  389.000,PLUSVALIA  U$S 33.856,https://lideresenterrenos.com.ar/estudioTerreno/613
Villa Ortuzar,GIRARDOT 1356,699.46m2,20m,20.02m,40.39m,29.50m,20.91 m,m,USAM  (Codigo Anterior : E3 - FOT: 3),MIXTURA 3,,PB + 5 PISOS + 2 RETIROS,2385.00m2,,U$S  389.000,PLUSVALIA  U$S 33.856,https://lideresenterrenos.com.ar/estudioTerreno/613
Villa Ortuzar,ESTOMBA 1069,699.46m2,20m,20.02m,40.39m,29.50m,20.91 m,m,USAM  (Codigo Anterior : E3 - FOT: 3),MIXTURA 3,,PB + 5 PISOS + 2 RETIROS,2385.00m2,,U$S  389.000,PLUSVALIA  U$S 33.856,https://lideresenterrenos.com.ar/estudioTerreno/613
Villa Ortuzar,BALLIVIAN 2127,699.46m2,20m,20.02m,40.39m,29.50m,20.91 m,m,USAM  (Codigo Anterior : E3 - FOT: 3),MIXTURA 3,,PB + 5 PISOS + 2 RETIROS,2385.00m2,,U$S  389.000,PLUSVALIA  U$S 33.856,https://lideresenterrenos.com.ar/estudioTerreno/613
Villa Ortuzar,14 DE JULIO 1084 / 90,699.46m2,20m,20.02m,40.39m,29.50m,20.91 m,m,USAM  (Codigo Anterior : E3 - FOT: 3),MIXTURA 3,,PB + 5 PISOS + 2 RETIROS,2385.00m2,,U$S  389.000,PLUSVALIA  U$S 33.856,https://lideresenterrenos.com.ar/estudioTerreno/613
Villa Ortuzar,TRIUNVIRATO  3098,699.46m2,20m,20.02m,40.39m,29.50m,20.91 m,m,USAM  (Codigo Anterior : E3 - FOT: 3),MIXTURA 3,,PB + 5 PISOS + 2 RETIROS,2385.00m2,,U$S  389.000,PLUSVALIA  U$S 33.856,https://lideresenterrenos.com.ar/estudioTerreno/613
Villa Ortuzar,TRONADOR 1033,699.46m2,20m,20.02m,40.39m,29.50m,20.91 m,m,USAM  (Codigo Anterior : E3 - FOT: 3),MIXTURA 3,,PB + 5 PISOS + 2 RETIROS,2385.00m2,,U$S  389.000,PLUSVALIA  U$S 33.856,https://lideresenterrenos.com.ar/estudioTerreno/613
Villa Ortuzar,14 DE JULIO 1084,699.46m2,20m,20.02m,40.39m,29.50m,20.91 m,m,USAM  (Codigo Anterior : E3 - FOT: 3),MIXTURA 3,,PB + 5 PISOS + 2 RETIROS,2385.00m2,,U$S  389.000,PLUSVALIA  U$S 33.856,https://lideresenterrenos.com.ar/estudioTerreno/613
Villa Ortuzar,ZARRAGA 3630,699.46m2,20m,20.02m,40.39m,29.50m,20.91 m,m,USAM  (Codigo Anterior : E3 - FOT: 3),MIXTURA 3,,PB + 5 PISOS + 2 RETIROS,2385.00m2,,U$S  389.000,PLUSVALIA  U$S 33.856,https://lideresenterrenos.com.ar/estudioTerreno/613
Villa Ortuzar,GUEVARA 1315,699.46m2,20m,20.02m,40.39m,29.50m,20.91 m,m,USAM  (Codigo Anterior : E3 - FOT: 3),MIXTURA 3,,PB + 5 PISOS + 2 RETIROS,2385.00m2,,U$S  389.000,PLUSVALIA  U$S 33.856,https://lideresenterrenos.com.ar/estudioTerreno/613
Villa Ortuzar,ESTOMBA 1184,699.46m2,20m,20.02m,40.39m,29.50m,20.91 m,m,USAM  (Codigo Anterior : E3 - FOT: 3),MIXTURA 3,,PB + 5 PISOS + 2 RETIROS,2385.00m2,,U$S  389.000,PLUSVALIA  U$S 33.856,https://lideresenterrenos.com.ar/estudioTerreno/613
Villa Ortuzar,TRONADOR 632,699.46m2,20m,20.02m,40.39m,29.50m,20.91 m,m,USAM  (Codigo Anterior : E3 - FOT: 3),MIXTURA 3,,PB + 5 PISOS + 2 RETIROS,2385.00m2,,U$S  389.000,PLUSVALIA  U$S 33.856,https://lideresenterrenos.com.ar/estudioTerreno/613
Villa Pueyrredon,"ALBARELLOS, AV 3042",376.10m2,8.66m,8.66m,43.39m,43.47m,No Alcanzada,28 m,USAB 1  (Codigo Anterior : R2b II - FOT: 1.2),MIXTURA  1,,PB + 2 PISOS,492.00m2,,U$S  275.000,PLUSVALIA  U$S 0,https://lideresenterrenos.com.ar/estudioTerreno/1486
Villa Pueyrredon,Escobar  3039,376.10m2,8.66m,8.66m,43.39m,43.47m,No Alcanzada,28 m,USAB 1  (Codigo Anterior : R2b II - FOT: 1.2),MIXTURA  1,,PB + 2 PISOS,492.00m2,,U$S  275.000,PLUSVALIA  U$S 0,https://lideresenterrenos.com.ar/estudioTerreno/1486
Villa Santa Rita,CESAR DIAZ  3158,206.67m2,8.25m,8.30m,25m,24.95m,m,m,USAA  (Codigo Anterior : R2AII - FOT: 3.46),MIXTURA  1,,PB + 7 PISOS + 2 RETIROS,1162.00m2,,U$S  850.000,PLUSVALIA  U$S 43.112,https://lideresenterrenos.com.ar/estudioTerreno/824
Villa Santa Rita,GAONA. AV 3483,206.67m2,8.25m,8.30m,25m,24.95m,m,m,USAA  (Codigo Anterior : R2AII - FOT: 3.46),MIXTURA  1,,PB + 7 PISOS + 2 RETIROS,1162.00m2,,U$S  850.000,PLUSVALIA  U$S 43.112,https://lideresenterrenos.com.ar/estudioTerreno/824
Villa Santa Rita,EMILIO LAMARCA 1890,206.67m2,8.25m,8.30m,25m,24.95m,m,m,USAA  (Codigo Anterior : R2AII - FOT: 3.46),MIXTURA  1,,PB + 7 PISOS + 2 RETIROS,1162.00m2,,U$S  850.000,PLUSVALIA  U$S 43.112,https://lideresenterrenos.com.ar/estudioTerreno/824
Villa Santa Rita,SAN NICOLAS 1576,206.67m2,8.25m,8.30m,25m,24.95m,m,m,USAA  (Codigo Anterior : R2AII - FOT: 3.46),MIXTURA  1,,PB + 7 PISOS + 2 RETIROS,1162.00m2,,U$S  850.000,PLUSVALIA  U$S 43.112,https://lideresenterrenos.com.ar/estudioTerreno/824
Villa Santa Rita,EMILIO LAMARCA 1708,206.67m2,8.25m,8.30m,25m,24.95m,m,m,USAA  (Codigo Anterior : R2AII - FOT: 3.46),MIXTURA  1,,PB + 7 PISOS + 2 RETIROS,1162.00m2,,U$S  850.000,PLUSVALIA  U$S 43.112,https://lideresenterrenos.com.ar/estudioTerreno/824
Villa Santa Rita,Gaona Av.  3617,206.67m2,8.25m,8.30m,25m,24.95m,m,m,USAA  (Codigo Anterior : R2AII - FOT: 3.46),MIXTURA  1,,PB + 7 PISOS + 2 RETIROS,1162.00m2,,U$S  850.000,PLUSVALIA  U$S 43.112,https://lideresenterrenos.com.ar/estudioTerreno/824
Villa Santa Rita,EMILO LAMARCA 1708,206.67m2,8.25m,8.30m,25m,24.95m,m,m,USAA  (Codigo Anterior : R2AII - FOT: 3.46),MIXTURA  1,,PB + 7 PISOS + 2 RETIROS,1162.00m2,,U$S  850.000,PLUSVALIA  U$S 43.112,https://lideresenterrenos.com.ar/estudioTerreno/824
Villa Santa Rita,ARGERICH 1409,206.67m2,8.25m,8.30m,25m,24.95m,m,m,USAA  (Codigo Anterior : R2AII - FOT: 3.46),MIXTURA  1,,PB + 7 PISOS + 2 RETIROS,1162.00m2,,U$S  850.000,PLUSVALIA  U$S 43.112,https://lideresenterrenos.com.ar/estudioTerreno/824
Villa Urquiza,MARIANO ACHA 3490,377.23m2,8.73m,8.64m,43.48m,43.39m,No Alcanzada,37.34 m,USAB 2  (Codigo Anterior : R2BI - FOT: 1.6),MIXTURA  2,,PB + 3 PISOS + 1 RETIRO,1100.52m2,,U$S  360.000,PLUSVALIA  U$S 25.191,https://lideresenterrenos.com.ar/estudioTerreno/1248
Villa Urquiza,CULLEN  5880,377.23m2,8.73m,8.64m,43.48m,43.39m,No Alcanzada,37.34 m,USAB 2  (Codigo Anterior : R2BI - FOT: 1.6),MIXTURA  2,,PB + 3 PISOS + 1 RETIRO,1100.52m2,,U$S  360.000,PLUSVALIA  U$S 25.191,https://lideresenterrenos.com.ar/estudioTerreno/1248
Villa Urquiza,JURAMENTO 4536,377.23m2,8.73m,8.64m,43.48m,43.39m,No Alcanzada,37.34 m,USAB 2  (Codigo Anterior : R2BI - FOT: 1.6),MIXTURA  2,,PB + 3 PISOS + 1 RETIRO,1100.52m2,,U$S  360.000,PLUSVALIA  U$S 25.191,https://lideresenterrenos.com.ar/estudioTerreno/1248
Villa Urquiza,DIAZ COLODRERO 3164,377.23m2,8.73m,8.64m,43.48m,43.39m,No Alcanzada,37.34 m,USAB 2  (Codigo Anterior : R2BI - FOT: 1.6),MIXTURA  2,,PB + 3 PISOS + 1 RETIRO,1100.52m2,,U$S  360.000,PLUSVALIA  U$S 25.191,https://lideresenterrenos.com.ar/estudioTerreno/1248
Villa Urquiza,Constituyentes  6253,377.23m2,8.73m,8.64m,43.48m,43.39m,No Alcanzada,37.34 m,USAB 2  (Codigo Anterior : R2BI - FOT: 1.6),MIXTURA  2,,PB + 3 PISOS + 1 RETIRO,1100.52m2,,U$S  360.000,PLUSVALIA  U$S 25.191,https://lideresenterrenos.com.ar/estudioTerreno/1248
Villa Urquiza,LE BRETON 5919,377.23m2,8.73m,8.64m,43.48m,43.39m,No Alcanzada,37.34 m,USAB 2  (Codigo Anterior : R2BI - FOT: 1.6),MIXTURA  2,,PB + 3 PISOS + 1 RETIRO,1100.52m2,,U$S  360.000,PLUSVALIA  U$S 25.191,https://lideresenterrenos.com.ar/estudioTerreno/1248
Villa Urquiza,GALVAN 3237,377.23m2,8.73m,8.64m,43.48m,43.39m,No Alcanzada,37.34 m,USAB 2  (Codigo Anterior : R2BI - FOT: 1.6),MIXTURA  2,,PB + 3 PISOS + 1 RETIRO,1100.52m2,,U$S  360.000,PLUSVALIA  U$S 25.191,https://lideresenterrenos.com.ar/estudioTerreno/1248
Villa Urquiza,CONGRESO 5702,377.23m2,8.73m,8.64m,43.48m,43.39m,No Alcanzada,37.34 m,USAB 2  (Codigo Anterior : R2BI - FOT: 1.6),MIXTURA  2,,PB + 3 PISOS + 1 RETIRO,1100.52m2,,U$S  360.000,PLUSVALIA  U$S 25.191,https://lideresenterrenos.com.ar/estudioTerreno/1248
Villa Urquiza,"TAMBORINI, JOSE, PASCUAL 5327",377.23m2,8.73m,8.64m,43.48m,43.39m,No Alcanzada,37.34 m,USAB 2  (Codigo Anterior : R2BI - FOT: 1.6),MIXTURA  2,,PB + 3 PISOS + 1 RETIRO,1100.52m2,,U$S  360.000,PLUSVALIA  U$S 25.191,https://lideresenterrenos.com.ar/estudioTerreno/1248
Villa Urquiza,Monroe 4823 / 4831,377.23m2,8.73m,8.64m,43.48m,43.39m,No Alcanzada,37.34 m,USAB 2  (Codigo Anterior : R2BI - FOT: 1.6),MIXTURA  2,,PB + 3 PISOS + 1 RETIRO,1100.52m2,,U$S  360.000,PLUSVALIA  U$S 25.191,https://lideresenterrenos.com.ar/estudioTerreno/1248
Villa Urquiza,MARIANO ACHA 2207,377.23m2,8.73m,8.64m,43.48m,43.39m,No Alcanzada,37.34 m,USAB 2  (Codigo Anterior : R2BI - FOT: 1.6),MIXTURA  2,,PB + 3 PISOS + 1 RETIRO,1100.52m2,,U$S  360.000,PLUSVALIA  U$S 25.191,https://lideresenterrenos.com.ar/estudioTerreno/1248
Villa Urquiza,CERETTI 1934,377.23m2,8.73m,8.64m,43.48m,43.39m,No Alcanzada,37.34 m,USAB 2  (Codigo Anterior : R2BI - FOT: 1.6),MIXTURA  2,,PB + 3 PISOS + 1 RETIRO,1100.52m2,,U$S  360.000,PLUSVALIA  U$S 25.191,https://lideresenterrenos.com.ar/estudioTerreno/1248
Villa Urquiza,ALVAREZ THOMAS 3275,377.23m2,8.73m,8.64m,43.48m,43.39m,No Alcanzada,37.34 m,USAB 2  (Codigo Anterior : R2BI - FOT: 1.6),MIXTURA  2,,PB + 3 PISOS + 1 RETIRO,1100.52m2,,U$S  360.000,PLUSVALIA  U$S 25.191,https://lideresenterrenos.com.ar/estudioTerreno/1248
Villa Urquiza,AV DE LOS CONSTITUYENTES 4441,377.23m2,8.73m,8.64m,43.48m,43.39m,No Alcanzada,37.34 m,USAB 2  (Codigo Anterior : R2BI - FOT: 1.6),MIXTURA  2,,PB + 3 PISOS + 1 RETIRO,1100.52m2,,U$S  360.000,PLUSVALIA  U$S 25.191,https://lideresenterrenos.com.ar/estudioTerreno/1248
Villa Urquiza,AIZPURUA 3170,377.23m2,8.73m,8.64m,43.48m,43.39m,No Alcanzada,37.34 m,USAB 2  (Codigo Anterior : R2BI - FOT: 1.6),MIXTURA  2,,PB + 3 PISOS + 1 RETIRO,1100.52m2,,U$S  360.000,PLUSVALIA  U$S 25.191,https://lideresenterrenos.com.ar/estudioTerreno/1248
Villa Urquiza,OLAZABAL 5001/ 5007,377.23m2,8.73m,8.64m,43.48m,43.39m,No Alcanzada,37.34 m,USAB 2  (Codigo Anterior : R2BI - FOT: 1.6),MIXTURA  2,,PB + 3 PISOS + 1 RETIRO,1100.52m2,,U$S  360.000,PLUSVALIA  U$S 25.191,https://lideresenterrenos.com.ar/estudioTerreno/1248
Villa Urquiza,NAHUEL HUAPI 4470,377.23m2,8.73m,8.64m,43.48m,43.39m,No Alcanzada,37.34 m,USAB 2  (Codigo Anterior : R2BI - FOT: 1.6),MIXTURA  2,,PB + 3 PISOS + 1 RETIRO,1100.52m2,,U$S  360.000,PLUSVALIA  U$S 25.191,https://lideresenterrenos.com.ar/estudioTerreno/1248
Villa Urquiza,Monroe 4831,377.23m2,8.73m,8.64m,43.48m,43.39m,No Alcanzada,37.34 m,USAB 2  (Codigo Anterior : R2BI - FOT: 1.6),MIXTURA  2,,PB + 3 PISOS + 1 RETIRO,1100.52m2,,U$S  360.000,PLUSVALIA  U$S 25.191,https://lideresenterrenos.com.ar/estudioTerreno/1248
Villa Urquiza,DONADO 2548,377.23m2,8.73m,8.64m,43.48m,43.39m,No Alcanzada,37.34 m,USAB 2  (Codigo Anterior : R2BI - FOT: 1.6),MIXTURA  2,,PB + 3 PISOS + 1 RETIRO,1100.52m2,,U$S  360.000,PLUSVALIA  U$S 25.191,https://lideresenterrenos.com.ar/estudioTerreno/1248
Villa Urquiza,LE BRETON 5164,377.23m2,8.73m,8.64m,43.48m,43.39m,No Alcanzada,37.34 m,USAB 2  (Codigo Anterior : R2BI - FOT: 1.6),MIXTURA  2,,PB + 3 PISOS + 1 RETIRO,1100.52m2,,U$S  360.000,PLUSVALIA  U$S 25.191,https://lideresenterrenos.com.ar/estudioTerreno/1248
Villa Urquiza,NAHUEL HUAPI 4360,377.23m2,8.73m,8.64m,43.48m,43.39m,No Alcanzada,37.34 m,USAB 2  (Codigo Anterior : R2BI - FOT: 1.6),MIXTURA  2,,PB + 3 PISOS + 1 RETIRO,1100.52m2,,U$S  360.000,PLUSVALIA  U$S 25.191,https://lideresenterrenos.com.ar/estudioTerreno/1248
Villa Urquiza,MARIANO ACHA 2844,377.23m2,8.73m,8.64m,43.48m,43.39m,No Alcanzada,37.34 m,USAB 2  (Codigo Anterior : R2BI - FOT: 1.6),MIXTURA  2,,PB + 3 PISOS + 1 RETIRO,1100.52m2,,U$S  360.000,PLUSVALIA  U$S 25.191,https://lideresenterrenos.com.ar/estudioTerreno/1248
Villa Urquiza,PACHECO 2685,377.23m2,8.73m,8.64m,43.48m,43.39m,No Alcanzada,37.34 m,USAB 2  (Codigo Anterior : R2BI - FOT: 1.6),MIXTURA  2,,PB + 3 PISOS + 1 RETIRO,1100.52m2,,U$S  360.000,PLUSVALIA  U$S 25.191,https://lideresenterrenos.com.ar/estudioTerreno/1248
Villa Urquiza,Galvan  2833,377.23m2,8.73m,8.64m,43.48m,43.39m,No Alcanzada,37.34 m,USAB 2  (Codigo Anterior : R2BI - FOT: 1.6),MIXTURA  2,,PB + 3 PISOS + 1 RETIRO,1100.52m2,,U$S  360.000,PLUSVALIA  U$S 25.191,https://lideresenterrenos.com.ar/estudioTerreno/1248
Villa Urquiza,"LE BRETON, TOMAS, A 5223",377.23m2,8.73m,8.64m,43.48m,43.39m,No Alcanzada,37.34 m,USAB 2  (Codigo Anterior : R2BI - FOT: 1.6),MIXTURA  2,,PB + 3 PISOS + 1 RETIRO,1100.52m2,,U$S  360.000,PLUSVALIA  U$S 25.191,https://lideresenterrenos.com.ar/estudioTerreno/1248
Villa Urquiza,AV DE LOS CONSTITUYENTES 4879,377.23m2,8.73m,8.64m,43.48m,43.39m,No Alcanzada,37.34 m,USAB 2  (Codigo Anterior : R2BI - FOT: 1.6),MIXTURA  2,,PB + 3 PISOS + 1 RETIRO,1100.52m2,,U$S  360.000,PLUSVALIA  U$S 25.191,https://lideresenterrenos.com.ar/estudioTerreno/1248
Villa Urquiza,MARIANO ACHA 2655,377.23m2,8.73m,8.64m,43.48m,43.39m,No Alcanzada,37.34 m,USAB 2  (Codigo Anterior : R2BI - FOT: 1.6),MIXTURA  2,,PB + 3 PISOS + 1 RETIRO,1100.52m2,,U$S  360.000,PLUSVALIA  U$S 25.191,https://lideresenterrenos.com.ar/estudioTerreno/1248
Villa Urquiza,ANDONAEGUI 3350,377.23m2,8.73m,8.64m,43.48m,43.39m,No Alcanzada,37.34 m,USAB 2  (Codigo Anterior : R2BI - FOT: 1.6),MIXTURA  2,,PB + 3 PISOS + 1 RETIRO,1100.52m2,,U$S  360.000,PLUSVALIA  U$S 25.191,https://lideresenterrenos.com.ar/estudioTerreno/1248
Villa Urquiza,OLAZABAL  4486,377.23m2,8.73m,8.64m,43.48m,43.39m,No Alcanzada,37.34 m,USAB 2  (Codigo Anterior : R2BI - FOT: 1.6),MIXTURA  2,,PB + 3 PISOS + 1 RETIRO,1100.52m2,,U$S  360.000,PLUSVALIA  U$S 25.191,https://lideresenterrenos.com.ar/estudioTerreno/1248
Villa Urquiza,PACHECO 2578,377.23m2,8.73m,8.64m,43.48m,43.39m,No Alcanzada,37.34 m,USAB 2  (Codigo Anterior : R2BI - FOT: 1.6),MIXTURA  2,,PB + 3 PISOS + 1 RETIRO,1100.52m2,,U$S  360.000,PLUSVALIA  U$S 25.191,https://lideresenterrenos.com.ar/estudioTerreno/1248
Villa Urquiza,MONROE 5517,377.23m2,8.73m,8.64m,43.48m,43.39m,No Alcanzada,37.34 m,USAB 2  (Codigo Anterior : R2BI - FOT: 1.6),MIXTURA  2,,PB + 3 PISOS + 1 RETIRO,1100.52m2,,U$S  360.000,PLUSVALIA  U$S 25.191,https://lideresenterrenos.com.ar/estudioTerreno/1248
Villa Urquiza,MANUELA PEDRAZA 5441,377.23m2,8.73m,8.64m,43.48m,43.39m,No Alcanzada,37.34 m,USAB 2  (Codigo Anterior : R2BI - FOT: 1.6),MIXTURA  2,,PB + 3 PISOS + 1 RETIRO,1100.52m2,,U$S  360.000,PLUSVALIA  U$S 25.191,https://lideresenterrenos.com.ar/estudioTerreno/1248
Villa Urquiza,BLANCO ENCALADA 4038,377.23m2,8.73m,8.64m,43.48m,43.39m,No Alcanzada,37.34 m,USAB 2  (Codigo Anterior : R2BI - FOT: 1.6),MIXTURA  2,,PB + 3 PISOS + 1 RETIRO,1100.52m2,,U$S  360.000,PLUSVALIA  U$S 25.191,https://lideresenterrenos.com.ar/estudioTerreno/1248
Villa Urquiza,"ROOSEVELT FRANKLIN D, AV 4364",377.23m2,8.73m,8.64m,43.48m,43.39m,No Alcanzada,37.34 m,USAB 2  (Codigo Anterior : R2BI - FOT: 1.6),MIXTURA  2,,PB + 3 PISOS + 1 RETIRO,1100.52m2,,U$S  360.000,PLUSVALIA  U$S 25.191,https://lideresenterrenos.com.ar/estudioTerreno/1248
