Barrio,Titulo,Sup. Terreno,Frente,Contrafrente,Lat Derecho,Lat Izquierdo,LFI,LIB,Zonificacion,Mixtura Usos,Alt. Max.,Cant. Pisos,Sup. Vendible,Sup. Edif. Cub.,Precio,Plusvalia
Agronomia,SAN MARTIN 4382,248.18m2,8.71m,8.70m,28.55m,28.47m,No Alcanzada,m,USAA  (Codigo Anterior : C3II - FOT: LIBRE),MIXTURA 4,,PB + 7 PISOS + 2 RETIROS,1412.69m2,,U$S  378.000,PLUSVALIA  U$S 0
Almagro,"SALGUERO, JERONIMO 192",1885.08m2,34.15m,34.15m,55.24m,55.16m,27.30 m,36.41 m,CM  (Codigo Anterior : C3I - FOT: 4),MIXTURA  2,,PB + 10 PISOS + 2 RETIROS,10067.35m2,,U$S  390.000,PLUSVALIA  U$S 45.414
Almagro,SANCHEZ DE BUSTAMANTE 855,1885.08m2,34.15m,34.15m,55.24m,55.16m,27.30 m,36.41 m,CM  (Codigo Anterior : C3I - FOT: 4),MIXTURA  2,,PB + 10 PISOS + 2 RETIROS,10067.35m2,,U$S  390.000,PLUSVALIA  U$S 45.414
Almagro,BOGADO  4461,1885.08m2,34.15m,34.15m,55.24m,55.16m,27.30 m,36.41 m,CM  (Codigo Anterior : C3I - FOT: 4),MIXTURA  2,,PB + 10 PISOS + 2 RETIROS,10067.35m2,,U$S  390.000,PLUSVALIA  U$S 45.414
Almagro,Guardia Vieja 3786,1885.08m2,34.15m,34.15m,55.24m,55.16m,27.30 m,36.41 m,CM  (Codigo Anterior : C3I - FOT: 4),MIXTURA  2,,PB + 10 PISOS + 2 RETIROS,10067.35m2,,U$S  390.000,PLUSVALIA  U$S 45.414
Almagro,MAZA 562,1885.08m2,34.15m,34.15m,55.24m,55.16m,27.30 m,36.41 m,CM  (Codigo Anterior : C3I - FOT: 4),MIXTURA  2,,PB + 10 PISOS + 2 RETIROS,10067.35m2,,U$S  390.000,PLUSVALIA  U$S 45.414
Almagro,LAMBARE 842/ 850,1885.08m2,34.15m,34.15m,55.24m,55.16m,27.30 m,36.41 m,CM  (Codigo Anterior : C3I - FOT: 4),MIXTURA  2,,PB + 10 PISOS + 2 RETIROS,10067.35m2,,U$S  390.000,PLUSVALIA  U$S 45.414
Almagro,VENEZUELA 3548,1885.08m2,34.15m,34.15m,55.24m,55.16m,27.30 m,36.41 m,CM  (Codigo Anterior : C3I - FOT: 4),MIXTURA  2,,PB + 10 PISOS + 2 RETIROS,10067.35m2,,U$S  390.000,PLUSVALIA  U$S 45.414
Almagro,RIVADAVIA 4144,1885.08m2,34.15m,34.15m,55.24m,55.16m,27.30 m,36.41 m,CM  (Codigo Anterior : C3I - FOT: 4),MIXTURA  2,,PB + 10 PISOS + 2 RETIROS,10067.35m2,,U$S  390.000,PLUSVALIA  U$S 45.414
Almagro,VIRREY LINIERS 177,1885.08m2,34.15m,34.15m,55.24m,55.16m,27.30 m,36.41 m,CM  (Codigo Anterior : C3I - FOT: 4),MIXTURA  2,,PB + 10 PISOS + 2 RETIROS,10067.35m2,,U$S  390.000,PLUSVALIA  U$S 45.414
Almagro,BILLINGHURST 287,1885.08m2,34.15m,34.15m,55.24m,55.16m,27.30 m,36.41 m,CM  (Codigo Anterior : C3I - FOT: 4),MIXTURA  2,,PB + 10 PISOS + 2 RETIROS,10067.35m2,,U$S  390.000,PLUSVALIA  U$S 45.414
Almagro,POTOSI 3824,1885.08m2,34.15m,34.15m,55.24m,55.16m,27.30 m,36.41 m,CM  (Codigo Anterior : C3I - FOT: 4),MIXTURA  2,,PB + 10 PISOS + 2 RETIROS,10067.35m2,,U$S  390.000,PLUSVALIA  U$S 45.414
Almagro,Gascon 670,1885.08m2,34.15m,34.15m,55.24m,55.16m,27.30 m,36.41 m,CM  (Codigo Anterior : C3I - FOT: 4),MIXTURA  2,,PB + 10 PISOS + 2 RETIROS,10067.35m2,,U$S  390.000,PLUSVALIA  U$S 45.414
Almagro,BILLINGHURST 45,1885.08m2,34.15m,34.15m,55.24m,55.16m,27.30 m,36.41 m,CM  (Codigo Anterior : C3I - FOT: 4),MIXTURA  2,,PB + 10 PISOS + 2 RETIROS,10067.35m2,,U$S  390.000,PLUSVALIA  U$S 45.414
Balvanera,LA RIOJA  700,366.99m2,14.14m,14.15m,26.10m,25.79m,24.74 m,m,USAA  (Codigo Anterior : R2AII - FOT: 2.77),MIXTURA 4,,PB + 7 PISOS + 2 RETIROS,1961.56m2,,U$S  600.000,PLUSVALIA  U$S 37.532
Balvanera,PASO 772,366.99m2,14.14m,14.15m,26.10m,25.79m,24.74 m,m,USAA  (Codigo Anterior : R2AII - FOT: 2.77),MIXTURA 4,,PB + 7 PISOS + 2 RETIROS,1961.56m2,,U$S  600.000,PLUSVALIA  U$S 37.532
Balvanera,JUJUY 376,366.99m2,14.14m,14.15m,26.10m,25.79m,24.74 m,m,USAA  (Codigo Anterior : R2AII - FOT: 2.77),MIXTURA 4,,PB + 7 PISOS + 2 RETIROS,1961.56m2,,U$S  600.000,PLUSVALIA  U$S 37.532
Balvanera,Peron 2124,366.99m2,14.14m,14.15m,26.10m,25.79m,24.74 m,m,USAA  (Codigo Anterior : R2AII - FOT: 2.77),MIXTURA 4,,PB + 7 PISOS + 2 RETIROS,1961.56m2,,U$S  600.000,PLUSVALIA  U$S 37.532
Balvanera,Hipolito Yrigoyen  2902,366.99m2,14.14m,14.15m,26.10m,25.79m,24.74 m,m,USAA  (Codigo Anterior : R2AII - FOT: 2.77),MIXTURA 4,,PB + 7 PISOS + 2 RETIROS,1961.56m2,,U$S  600.000,PLUSVALIA  U$S 37.532
Balvanera,PASCO 281,366.99m2,14.14m,14.15m,26.10m,25.79m,24.74 m,m,USAA  (Codigo Anterior : R2AII - FOT: 2.77),MIXTURA 4,,PB + 7 PISOS + 2 RETIROS,1961.56m2,,U$S  600.000,PLUSVALIA  U$S 37.532
Balvanera,URIBURU 605,366.99m2,14.14m,14.15m,26.10m,25.79m,24.74 m,m,USAA  (Codigo Anterior : R2AII - FOT: 2.77),MIXTURA 4,,PB + 7 PISOS + 2 RETIROS,1961.56m2,,U$S  600.000,PLUSVALIA  U$S 37.532
Balvanera,LAVALLE 2004 / 2012,366.99m2,14.14m,14.15m,26.10m,25.79m,24.74 m,m,USAA  (Codigo Anterior : R2AII - FOT: 2.77),MIXTURA 4,,PB + 7 PISOS + 2 RETIROS,1961.56m2,,U$S  600.000,PLUSVALIA  U$S 37.532
Balvanera,LAVALLE 2946,366.99m2,14.14m,14.15m,26.10m,25.79m,24.74 m,m,USAA  (Codigo Anterior : R2AII - FOT: 2.77),MIXTURA 4,,PB + 7 PISOS + 2 RETIROS,1961.56m2,,U$S  600.000,PLUSVALIA  U$S 37.532
Balvanera,ALBERTI 272 / 278,366.99m2,14.14m,14.15m,26.10m,25.79m,24.74 m,m,USAA  (Codigo Anterior : R2AII - FOT: 2.77),MIXTURA 4,,PB + 7 PISOS + 2 RETIROS,1961.56m2,,U$S  600.000,PLUSVALIA  U$S 37.532
Barracas,JOVELLANOS 1377,363.09m2,9.27m,8.42m,41.08m,41.02m,20.44 m,27.25 m,USAM  (Codigo Anterior : E3 + 25% - FOT: 3.75),MIXTURA  2,,PB + 5 PISOS + 2 RETIROS,1252.30m2,,U$S  295.000,PLUSVALIA  U$S 0
Barracas,RIO CUARTO 2747,363.09m2,9.27m,8.42m,41.08m,41.02m,20.44 m,27.25 m,USAM  (Codigo Anterior : E3 + 25% - FOT: 3.75),MIXTURA  2,,PB + 5 PISOS + 2 RETIROS,1252.30m2,,U$S  295.000,PLUSVALIA  U$S 0
Barracas,Araoz De Lamadrid 1961,363.09m2,9.27m,8.42m,41.08m,41.02m,20.44 m,27.25 m,USAM  (Codigo Anterior : E3 + 25% - FOT: 3.75),MIXTURA  2,,PB + 5 PISOS + 2 RETIROS,1252.30m2,,U$S  295.000,PLUSVALIA  U$S 0
Barracas,AV MONTES DE OCA 1566,363.09m2,9.27m,8.42m,41.08m,41.02m,20.44 m,27.25 m,USAM  (Codigo Anterior : E3 + 25% - FOT: 3.75),MIXTURA  2,,PB + 5 PISOS + 2 RETIROS,1252.30m2,,U$S  295.000,PLUSVALIA  U$S 0
Barracas,AV CASEROS 1402,363.09m2,9.27m,8.42m,41.08m,41.02m,20.44 m,27.25 m,USAM  (Codigo Anterior : E3 + 25% - FOT: 3.75),MIXTURA  2,,PB + 5 PISOS + 2 RETIROS,1252.30m2,,U$S  295.000,PLUSVALIA  U$S 0
Barracas,IRIARTE 1656,363.09m2,9.27m,8.42m,41.08m,41.02m,20.44 m,27.25 m,USAM  (Codigo Anterior : E3 + 25% - FOT: 3.75),MIXTURA  2,,PB + 5 PISOS + 2 RETIROS,1252.30m2,,U$S  295.000,PLUSVALIA  U$S 0
Barracas,PARACAS 27,363.09m2,9.27m,8.42m,41.08m,41.02m,20.44 m,27.25 m,USAM  (Codigo Anterior : E3 + 25% - FOT: 3.75),MIXTURA  2,,PB + 5 PISOS + 2 RETIROS,1252.30m2,,U$S  295.000,PLUSVALIA  U$S 0
Barracas,jovellanos 1431,363.09m2,9.27m,8.42m,41.08m,41.02m,20.44 m,27.25 m,USAM  (Codigo Anterior : E3 + 25% - FOT: 3.75),MIXTURA  2,,PB + 5 PISOS + 2 RETIROS,1252.30m2,,U$S  295.000,PLUSVALIA  U$S 0
Belgrano,MANUEL UGARTE 2951,401.13m2,13.40m,13.86m,29.43m,29.43m,No Alcanzada,m,CA  (Codigo Anterior : C2 - FOT: 5),MIXTURA 4,,PB + 12 PISOS + 2 RETIROS,4000.34m2,,U$S  849.000,PLUSVALIA  U$S 127.668
Belgrano,Cabildo  2120,401.13m2,13.40m,13.86m,29.43m,29.43m,No Alcanzada,m,CA  (Codigo Anterior : C2 - FOT: 5),MIXTURA 4,,PB + 12 PISOS + 2 RETIROS,4000.34m2,,U$S  849.000,PLUSVALIA  U$S 127.668
Boedo,SALCEDO 3674,141m2,8.62m,12m,12.43m,15.50m,No Alcanzada,m,USAA  (Codigo Anterior : C3II - FOT: LIBRE),MIXTURA 3,,PB + 7 PISOS + 2 RETIROS,1013.48m2,,U$S  298.000,PLUSVALIA  U$S 26.533
Boedo,Inclan  4121,141m2,8.62m,12m,12.43m,15.50m,No Alcanzada,m,USAA  (Codigo Anterior : C3II - FOT: LIBRE),MIXTURA 3,,PB + 7 PISOS + 2 RETIROS,1013.48m2,,U$S  298.000,PLUSVALIA  U$S 26.533
Boedo,MUÑIZ 855,141m2,8.62m,12m,12.43m,15.50m,No Alcanzada,m,USAA  (Codigo Anterior : C3II - FOT: LIBRE),MIXTURA 3,,PB + 7 PISOS + 2 RETIROS,1013.48m2,,U$S  298.000,PLUSVALIA  U$S 26.533
Boedo,"SAN JUAN, AV 4041",141m2,8.62m,12m,12.43m,15.50m,No Alcanzada,m,USAA  (Codigo Anterior : C3II - FOT: LIBRE),MIXTURA 3,,PB + 7 PISOS + 2 RETIROS,1013.48m2,,U$S  298.000,PLUSVALIA  U$S 26.533
Boedo,GIBSON 4160,141m2,8.62m,12m,12.43m,15.50m,No Alcanzada,m,USAA  (Codigo Anterior : C3II - FOT: LIBRE),MIXTURA 3,,PB + 7 PISOS + 2 RETIROS,1013.48m2,,U$S  298.000,PLUSVALIA  U$S 26.533
Boedo,CHICLANA 3834,141m2,8.62m,12m,12.43m,15.50m,No Alcanzada,m,USAA  (Codigo Anterior : C3II - FOT: LIBRE),MIXTURA 3,,PB + 7 PISOS + 2 RETIROS,1013.48m2,,U$S  298.000,PLUSVALIA  U$S 26.533
Boedo,CHICLANA AV.  3626,141m2,8.62m,12m,12.43m,15.50m,No Alcanzada,m,USAA  (Codigo Anterior : C3II - FOT: LIBRE),MIXTURA 3,,PB + 7 PISOS + 2 RETIROS,1013.48m2,,U$S  298.000,PLUSVALIA  U$S 26.533
Caballito,VALLE 316,1308.45m2,17.90m,18.88m,69.80m,72.50m,35 m,46.41 m,CM  (Codigo Anterior : R2a II - FOT: 4.45),MIXTURA 4,,PB + 10 PISOS + 2 RETIROS,6250.00m2,,U$S  295.000,PLUSVALIA  U$S 49.257
Caballito,AMPERE  857,1308.45m2,17.90m,18.88m,69.80m,72.50m,35 m,46.41 m,CM  (Codigo Anterior : R2a II - FOT: 4.45),MIXTURA 4,,PB + 10 PISOS + 2 RETIROS,6250.00m2,,U$S  295.000,PLUSVALIA  U$S 49.257
Caballito,ESPINOSA 1528,1308.45m2,17.90m,18.88m,69.80m,72.50m,35 m,46.41 m,CM  (Codigo Anterior : R2a II - FOT: 4.45),MIXTURA 4,,PB + 10 PISOS + 2 RETIROS,6250.00m2,,U$S  295.000,PLUSVALIA  U$S 49.257
Caballito,"Gallardo, Angel Av. 146 / 48",1308.45m2,17.90m,18.88m,69.80m,72.50m,35 m,46.41 m,CM  (Codigo Anterior : R2a II - FOT: 4.45),MIXTURA 4,,PB + 10 PISOS + 2 RETIROS,6250.00m2,,U$S  295.000,PLUSVALIA  U$S 49.257
Chacarita,Giribone  1239,314.81m2,16.31m,16.56m,18.31m,20m,No Alcanzada,m,USAA  (Codigo Anterior : C3II - FOT: LIBRE),MIXTURA 4,,PB + 7 PISOS + 2 RETIROS,2150.98m2,,U$S  440.000,PLUSVALIA  U$S 53.404
Chacarita,ALVAREZ THOMAS  920,314.81m2,16.31m,16.56m,18.31m,20m,No Alcanzada,m,USAA  (Codigo Anterior : C3II - FOT: LIBRE),MIXTURA 4,,PB + 7 PISOS + 2 RETIROS,2150.98m2,,U$S  440.000,PLUSVALIA  U$S 53.404
Chacarita,SANTOS DUMONT 4787,314.81m2,16.31m,16.56m,18.31m,20m,No Alcanzada,m,USAA  (Codigo Anterior : C3II - FOT: LIBRE),MIXTURA 4,,PB + 7 PISOS + 2 RETIROS,2150.98m2,,U$S  440.000,PLUSVALIA  U$S 53.404
Chacarita,VIRREY LORETO 3735,314.81m2,16.31m,16.56m,18.31m,20m,No Alcanzada,m,USAA  (Codigo Anterior : C3II - FOT: LIBRE),MIXTURA 4,,PB + 7 PISOS + 2 RETIROS,2150.98m2,,U$S  440.000,PLUSVALIA  U$S 53.404
Chacarita,ALVAREZ THOMAS 912 / 920,314.81m2,16.31m,16.56m,18.31m,20m,No Alcanzada,m,USAA  (Codigo Anterior : C3II - FOT: LIBRE),MIXTURA 4,,PB + 7 PISOS + 2 RETIROS,2150.98m2,,U$S  440.000,PLUSVALIA  U$S 53.404
Coghlan,Manuela Pedraza 3861,386.09m2,8.75m,8.90m,44.20m,43.30m,28.36 m,37.81 m,USAA  (Codigo Anterior : R2bI - FOT: 1.6),MIXTURA 3,,PB + 7 PISOS + 2 RETIROS,1810.50m2,,U$S  369.000,PLUSVALIA  U$S 28.040
Coghlan,IBERA 3579,386.09m2,8.75m,8.90m,44.20m,43.30m,28.36 m,37.81 m,USAA  (Codigo Anterior : R2bI - FOT: 1.6),MIXTURA 3,,PB + 7 PISOS + 2 RETIROS,1810.50m2,,U$S  369.000,PLUSVALIA  U$S 28.040
Coghlan,"Balbin, Ricardo, Dr. Av.  2730",386.09m2,8.75m,8.90m,44.20m,43.30m,28.36 m,37.81 m,USAA  (Codigo Anterior : R2bI - FOT: 1.6),MIXTURA 3,,PB + 7 PISOS + 2 RETIROS,1810.50m2,,U$S  369.000,PLUSVALIA  U$S 28.040
Coghlan,CONGRESO 3163,386.09m2,8.75m,8.90m,44.20m,43.30m,28.36 m,37.81 m,USAA  (Codigo Anterior : R2bI - FOT: 1.6),MIXTURA 3,,PB + 7 PISOS + 2 RETIROS,1810.50m2,,U$S  369.000,PLUSVALIA  U$S 28.040
Colegiales,DELGADO 1486,868.09m2,20.83m,20.85m,40.85m,42.46m,27.02 m,36.02 m,CA  (Codigo Anterior : C3I - FOT: 4),MIXTURA 4,,PB + 12 PISOS + 2 RETIROS,9059.08m2,,U$S  350.000,PLUSVALIA  U$S 49.412
Colegiales,"CABILDO 450, PLANOS APROBADOS",868.09m2,20.83m,20.85m,40.85m,42.46m,27.02 m,36.02 m,CA  (Codigo Anterior : C3I - FOT: 4),MIXTURA 4,,PB + 12 PISOS + 2 RETIROS,9059.08m2,,U$S  350.000,PLUSVALIA  U$S 49.412
Constitucion,RONDEAU  1786,605.91m2,10.05m,10.08m,60.30m,60.10m,31.72 m,42.29 m,USAA  (Codigo Anterior : R2aI - FOT: 3.32),MIXTURA 4,,PB + 7 PISOS + 2 RETIROS,2247.04m2,,U$S  160.000,PLUSVALIA  U$S 13.336
Constitucion,RONDEAU 1780 / 1786,605.91m2,10.05m,10.08m,60.30m,60.10m,31.72 m,42.29 m,USAA  (Codigo Anterior : R2aI - FOT: 3.32),MIXTURA 4,,PB + 7 PISOS + 2 RETIROS,2247.04m2,,U$S  160.000,PLUSVALIA  U$S 13.336
Constitucion,FILIBERTO 1715,605.91m2,10.05m,10.08m,60.30m,60.10m,31.72 m,42.29 m,USAA  (Codigo Anterior : R2aI - FOT: 3.32),MIXTURA 4,,PB + 7 PISOS + 2 RETIROS,2247.04m2,,U$S  160.000,PLUSVALIA  U$S 13.336
Constitucion,LUIS SAENZ PEÑA  1855,605.91m2,10.05m,10.08m,60.30m,60.10m,31.72 m,42.29 m,USAA  (Codigo Anterior : R2aI - FOT: 3.32),MIXTURA 4,,PB + 7 PISOS + 2 RETIROS,2247.04m2,,U$S  160.000,PLUSVALIA  U$S 13.336
Constitucion,"Saenz PeÑa, Luis, Pres. 1619",605.91m2,10.05m,10.08m,60.30m,60.10m,31.72 m,42.29 m,USAA  (Codigo Anterior : R2aI - FOT: 3.32),MIXTURA 4,,PB + 7 PISOS + 2 RETIROS,2247.04m2,,U$S  160.000,PLUSVALIA  U$S 13.336
Constitucion,Rondeau 1567,605.91m2,10.05m,10.08m,60.30m,60.10m,31.72 m,42.29 m,USAA  (Codigo Anterior : R2aI - FOT: 3.32),MIXTURA 4,,PB + 7 PISOS + 2 RETIROS,2247.04m2,,U$S  160.000,PLUSVALIA  U$S 13.336
Constitucion,RONDEAU 1780,605.91m2,10.05m,10.08m,60.30m,60.10m,31.72 m,42.29 m,USAA  (Codigo Anterior : R2aI - FOT: 3.32),MIXTURA 4,,PB + 7 PISOS + 2 RETIROS,2247.04m2,,U$S  160.000,PLUSVALIA  U$S 13.336
Constitucion,VIRREY CEVALLOS 1048,605.91m2,10.05m,10.08m,60.30m,60.10m,31.72 m,42.29 m,USAA  (Codigo Anterior : R2aI - FOT: 3.32),MIXTURA 4,,PB + 7 PISOS + 2 RETIROS,2247.04m2,,U$S  160.000,PLUSVALIA  U$S 13.336
Flores,GAVILAN 1052,904.89m2,17.25m,17.47m,52.15m,52.10m,30.47 m,m,USAA  (Codigo Anterior : R2a II - FOT: 2.77),MIXTURA 4,,PB + 7 PISOS + 2 RETIROS,3625.00m2,,U$S  300.000,PLUSVALIA  U$S 0
Flores,REMEDIOS 3084,904.89m2,17.25m,17.47m,52.15m,52.10m,30.47 m,m,USAA  (Codigo Anterior : R2a II - FOT: 2.77),MIXTURA 4,,PB + 7 PISOS + 2 RETIROS,3625.00m2,,U$S  300.000,PLUSVALIA  U$S 0
Flores,BILBAO 3326 / 3348,904.89m2,17.25m,17.47m,52.15m,52.10m,30.47 m,m,USAA  (Codigo Anterior : R2a II - FOT: 2.77),MIXTURA 4,,PB + 7 PISOS + 2 RETIROS,3625.00m2,,U$S  300.000,PLUSVALIA  U$S 0
Flores,AV RIVADAVIA  7283,904.89m2,17.25m,17.47m,52.15m,52.10m,30.47 m,m,USAA  (Codigo Anterior : R2a II - FOT: 2.77),MIXTURA 4,,PB + 7 PISOS + 2 RETIROS,3625.00m2,,U$S  300.000,PLUSVALIA  U$S 0
Flores,MENDEZ DE ANDES 1950,904.89m2,17.25m,17.47m,52.15m,52.10m,30.47 m,m,USAA  (Codigo Anterior : R2a II - FOT: 2.77),MIXTURA 4,,PB + 7 PISOS + 2 RETIROS,3625.00m2,,U$S  300.000,PLUSVALIA  U$S 0
Flores,"Falcon, Ramon L.,Cnel. 3032 / 38",904.89m2,17.25m,17.47m,52.15m,52.10m,30.47 m,m,USAA  (Codigo Anterior : R2a II - FOT: 2.77),MIXTURA 4,,PB + 7 PISOS + 2 RETIROS,3625.00m2,,U$S  300.000,PLUSVALIA  U$S 0
Floresta,BARADERO 140,488.29m2,8.70m,8.60m,56.27m,56.63m,No Alcanzada,m,CM  (Codigo Anterior : C3II - FOT: LIBRE),MIXTURA 4,,PB + 10 PISOS + 2 RETIROS,1717.80m2,,U$S  450.000,PLUSVALIA  U$S 0
Floresta,PERGAMINO 266,488.29m2,8.70m,8.60m,56.27m,56.63m,No Alcanzada,m,CM  (Codigo Anterior : C3II - FOT: LIBRE),MIXTURA 4,,PB + 10 PISOS + 2 RETIROS,1717.80m2,,U$S  450.000,PLUSVALIA  U$S 0
Floresta,BAHIA BLANCA 1162,488.29m2,8.70m,8.60m,56.27m,56.63m,No Alcanzada,m,CM  (Codigo Anterior : C3II - FOT: LIBRE),MIXTURA 4,,PB + 10 PISOS + 2 RETIROS,1717.80m2,,U$S  450.000,PLUSVALIA  U$S 0
Floresta,AV. RIVADAVIA 8269,488.29m2,8.70m,8.60m,56.27m,56.63m,No Alcanzada,m,CM  (Codigo Anterior : C3II - FOT: LIBRE),MIXTURA 4,,PB + 10 PISOS + 2 RETIROS,1717.80m2,,U$S  450.000,PLUSVALIA  U$S 0
La Boca,IRALA 1152,322.69m2,11.43m,11.14m,29.65m,27.54m,No Alcanzada,m,USAB 2  (Codigo Anterior : E3 2 - FOT: 3),MIXTURA 3,,PB + 3 PISOS + 1 RETIRO,977.38m2,,U$S  119.000,PLUSVALIA  U$S 0
La Boca,IRALA 1175,322.69m2,11.43m,11.14m,29.65m,27.54m,No Alcanzada,m,USAB 2  (Codigo Anterior : E3 2 - FOT: 3),MIXTURA 3,,PB + 3 PISOS + 1 RETIRO,977.38m2,,U$S  119.000,PLUSVALIA  U$S 0
La Boca,IRALA 625,322.69m2,11.43m,11.14m,29.65m,27.54m,No Alcanzada,m,USAB 2  (Codigo Anterior : E3 2 - FOT: 3),MIXTURA 3,,PB + 3 PISOS + 1 RETIRO,977.38m2,,U$S  119.000,PLUSVALIA  U$S 0
La Paternal,AV. SAN MARTIN 2289,151.32m2,8.54m,8.67m,17.85m,17.32m,No Alcanzada,m,USAA  (Codigo Anterior : E2 - FOT: 2),MIXTURA  2,,PB + 7 PISOS + 2 RETIROS,983.51m2,,U$S  850.000,PLUSVALIA  U$S 2.001
La Paternal,CHORROARIN 121,151.32m2,8.54m,8.67m,17.85m,17.32m,No Alcanzada,m,USAA  (Codigo Anterior : E2 - FOT: 2),MIXTURA  2,,PB + 7 PISOS + 2 RETIROS,983.51m2,,U$S  850.000,PLUSVALIA  U$S 2.001
La Paternal,Chorroarin 121/27/37,151.32m2,8.54m,8.67m,17.85m,17.32m,No Alcanzada,m,USAA  (Codigo Anterior : E2 - FOT: 2),MIXTURA  2,,PB + 7 PISOS + 2 RETIROS,983.51m2,,U$S  850.000,PLUSVALIA  U$S 2.001
La Paternal,CHORROARIN  109/115,151.32m2,8.54m,8.67m,17.85m,17.32m,No Alcanzada,m,USAA  (Codigo Anterior : E2 - FOT: 2),MIXTURA  2,,PB + 7 PISOS + 2 RETIROS,983.51m2,,U$S  850.000,PLUSVALIA  U$S 2.001
La Paternal,CHORROARIN 127,151.32m2,8.54m,8.67m,17.85m,17.32m,No Alcanzada,m,USAA  (Codigo Anterior : E2 - FOT: 2),MIXTURA  2,,PB + 7 PISOS + 2 RETIROS,983.51m2,,U$S  850.000,PLUSVALIA  U$S 2.001
La Paternal,Chorroarin 121/27/37/47,151.32m2,8.54m,8.67m,17.85m,17.32m,No Alcanzada,m,USAA  (Codigo Anterior : E2 - FOT: 2),MIXTURA  2,,PB + 7 PISOS + 2 RETIROS,983.51m2,,U$S  850.000,PLUSVALIA  U$S 2.001
La Paternal,Chorroarin 109/15/21/27/37/47,151.32m2,8.54m,8.67m,17.85m,17.32m,No Alcanzada,m,USAA  (Codigo Anterior : E2 - FOT: 2),MIXTURA  2,,PB + 7 PISOS + 2 RETIROS,983.51m2,,U$S  850.000,PLUSVALIA  U$S 2.001
La Paternal,CHORROARIN 147,151.32m2,8.54m,8.67m,17.85m,17.32m,No Alcanzada,m,USAA  (Codigo Anterior : E2 - FOT: 2),MIXTURA  2,,PB + 7 PISOS + 2 RETIROS,983.51m2,,U$S  850.000,PLUSVALIA  U$S 2.001
La Paternal,Balboa 220,151.32m2,8.54m,8.67m,17.85m,17.32m,No Alcanzada,m,USAA  (Codigo Anterior : E2 - FOT: 2),MIXTURA  2,,PB + 7 PISOS + 2 RETIROS,983.51m2,,U$S  850.000,PLUSVALIA  U$S 2.001
La Paternal,MATURIN  2475,151.32m2,8.54m,8.67m,17.85m,17.32m,No Alcanzada,m,USAA  (Codigo Anterior : E2 - FOT: 2),MIXTURA  2,,PB + 7 PISOS + 2 RETIROS,983.51m2,,U$S  850.000,PLUSVALIA  U$S 2.001
La Paternal,"Segui, F. J., Alte. 2541",151.32m2,8.54m,8.67m,17.85m,17.32m,No Alcanzada,m,USAA  (Codigo Anterior : E2 - FOT: 2),MIXTURA  2,,PB + 7 PISOS + 2 RETIROS,983.51m2,,U$S  850.000,PLUSVALIA  U$S 2.001
La Paternal,ALVAREZ JONTE 1691,151.32m2,8.54m,8.67m,17.85m,17.32m,No Alcanzada,m,USAA  (Codigo Anterior : E2 - FOT: 2),MIXTURA  2,,PB + 7 PISOS + 2 RETIROS,983.51m2,,U$S  850.000,PLUSVALIA  U$S 2.001
La Paternal,CHORROARIN 137,151.32m2,8.54m,8.67m,17.85m,17.32m,No Alcanzada,m,USAA  (Codigo Anterior : E2 - FOT: 2),MIXTURA  2,,PB + 7 PISOS + 2 RETIROS,983.51m2,,U$S  850.000,PLUSVALIA  U$S 2.001
La Paternal,CHORROARIN 109,151.32m2,8.54m,8.67m,17.85m,17.32m,No Alcanzada,m,USAA  (Codigo Anterior : E2 - FOT: 2),MIXTURA  2,,PB + 7 PISOS + 2 RETIROS,983.51m2,,U$S  850.000,PLUSVALIA  U$S 2.001
Liniers,HUMAITA 7241,244.36m2,8.66m,8.60m,28.35m,28.28m,No Alcanzada,m,AE 26 - 1 = USAB 1  (Codigo Anterior : RIBI - FOT: 1),MIXTURA  1,,PB + 2 PISOS,419.21m2,,U$S  150.000,PLUSVALIA  U$S 903
Mataderos,LARRAZABAL 1471,395.81m2,8.73m,17.63m,35.63m,35.55m,25.65 m,m,USAM  (Codigo Anterior : R2BIII - FOT: 1.2),MIXTURA 3,,PB + 5 PISOS + 2 RETIROS,900.87m2,,U$S  360.000,PLUSVALIA  U$S 14.160
Monte Castro,Marcos Paz 2123,225.58m2,8.66m,8.80m,25.98m,25.70m,No Alcanzada,m,AE 26 - 1 = USAB 1  (Codigo Anterior : R2BII - FOT: 1.2),MIXTURA  1,,PB + 2 PISOS,395.88m2,,U$S  230.000,PLUSVALIA  U$S 0
Monte Castro,NEMESIO TREJO 5180,225.58m2,8.66m,8.80m,25.98m,25.70m,No Alcanzada,m,AE 26 - 1 = USAB 1  (Codigo Anterior : R2BII - FOT: 1.2),MIXTURA  1,,PB + 2 PISOS,395.88m2,,U$S  230.000,PLUSVALIA  U$S 0
Monte Castro,ALCARAZ 4337,225.58m2,8.66m,8.80m,25.98m,25.70m,No Alcanzada,m,AE 26 - 1 = USAB 1  (Codigo Anterior : R2BII - FOT: 1.2),MIXTURA  1,,PB + 2 PISOS,395.88m2,,U$S  230.000,PLUSVALIA  U$S 0
Monte Castro,COLIQUEO 2170,225.58m2,8.66m,8.80m,25.98m,25.70m,No Alcanzada,m,AE 26 - 1 = USAB 1  (Codigo Anterior : R2BII - FOT: 1.2),MIXTURA  1,,PB + 2 PISOS,395.88m2,,U$S  230.000,PLUSVALIA  U$S 0
Nueva Pompeya,CHICLANA 3939,549.93m2,31.78m,21.53m,14.76m,30.77m,No Alcanzada,m,CM  (Codigo Anterior : C3II - FOT: LIBRE),MIXTURA 4,,PB + 10 PISOS + 2 RETIROS,6739.93m2,,U$S  600.000,PLUSVALIA  U$S 11.475
Nueva Pompeya,CASEROS 4194,549.93m2,31.78m,21.53m,14.76m,30.77m,No Alcanzada,m,CM  (Codigo Anterior : C3II - FOT: LIBRE),MIXTURA 4,,PB + 10 PISOS + 2 RETIROS,6739.93m2,,U$S  600.000,PLUSVALIA  U$S 11.475
Nueva Pompeya,CHICLANA 3952,549.93m2,31.78m,21.53m,14.76m,30.77m,No Alcanzada,m,CM  (Codigo Anterior : C3II - FOT: LIBRE),MIXTURA 4,,PB + 10 PISOS + 2 RETIROS,6739.93m2,,U$S  600.000,PLUSVALIA  U$S 11.475
Nueva Pompeya,CASEROS  3874/98,549.93m2,31.78m,21.53m,14.76m,30.77m,No Alcanzada,m,CM  (Codigo Anterior : C3II - FOT: LIBRE),MIXTURA 4,,PB + 10 PISOS + 2 RETIROS,6739.93m2,,U$S  600.000,PLUSVALIA  U$S 11.475
Nueva Pompeya,CHICLANA 3940,549.93m2,31.78m,21.53m,14.76m,30.77m,No Alcanzada,m,CM  (Codigo Anterior : C3II - FOT: LIBRE),MIXTURA 4,,PB + 10 PISOS + 2 RETIROS,6739.93m2,,U$S  600.000,PLUSVALIA  U$S 11.475
Nueva Pompeya,CASEROS 3590,549.93m2,31.78m,21.53m,14.76m,30.77m,No Alcanzada,m,CM  (Codigo Anterior : C3II - FOT: LIBRE),MIXTURA 4,,PB + 10 PISOS + 2 RETIROS,6739.93m2,,U$S  600.000,PLUSVALIA  U$S 11.475
Nueva Pompeya,GUARANI 384,549.93m2,31.78m,21.53m,14.76m,30.77m,No Alcanzada,m,CM  (Codigo Anterior : C3II - FOT: LIBRE),MIXTURA 4,,PB + 10 PISOS + 2 RETIROS,6739.93m2,,U$S  600.000,PLUSVALIA  U$S 11.475
Nueva Pompeya,MATANZA 3418,549.93m2,31.78m,21.53m,14.76m,30.77m,No Alcanzada,m,CM  (Codigo Anterior : C3II - FOT: LIBRE),MIXTURA 4,,PB + 10 PISOS + 2 RETIROS,6739.93m2,,U$S  600.000,PLUSVALIA  U$S 11.475
Nueva Pompeya,AV FERNANDEZ DE LA CRUZ 1105,549.93m2,31.78m,21.53m,14.76m,30.77m,No Alcanzada,m,CM  (Codigo Anterior : C3II - FOT: LIBRE),MIXTURA 4,,PB + 10 PISOS + 2 RETIROS,6739.93m2,,U$S  600.000,PLUSVALIA  U$S 11.475
Nueva Pompeya,SAENZ  168,549.93m2,31.78m,21.53m,14.76m,30.77m,No Alcanzada,m,CM  (Codigo Anterior : C3II - FOT: LIBRE),MIXTURA 4,,PB + 10 PISOS + 2 RETIROS,6739.93m2,,U$S  600.000,PLUSVALIA  U$S 11.475
Nueva Pompeya,CHICLANA 3940 / 52,549.93m2,31.78m,21.53m,14.76m,30.77m,No Alcanzada,m,CM  (Codigo Anterior : C3II - FOT: LIBRE),MIXTURA 4,,PB + 10 PISOS + 2 RETIROS,6739.93m2,,U$S  600.000,PLUSVALIA  U$S 11.475
Nueva Pompeya,Achala  3562,549.93m2,31.78m,21.53m,14.76m,30.77m,No Alcanzada,m,CM  (Codigo Anterior : C3II - FOT: LIBRE),MIXTURA 4,,PB + 10 PISOS + 2 RETIROS,6739.93m2,,U$S  600.000,PLUSVALIA  U$S 11.475
Nueva Pompeya,CHICLANA 3929/39,549.93m2,31.78m,21.53m,14.76m,30.77m,No Alcanzada,m,CM  (Codigo Anterior : C3II - FOT: LIBRE),MIXTURA 4,,PB + 10 PISOS + 2 RETIROS,6739.93m2,,U$S  600.000,PLUSVALIA  U$S 11.475
Nuñez,JUANA AZURDUY 2480,295.67m2,8.66m,8.58m,34.10m,34.50m,21.77 m,m,CM  (Codigo Anterior : C3I - FOT: 4),MIXTURA  2,,PB + 10 PISOS + 2 RETIROS,1897.64m2,,U$S  890.000,PLUSVALIA  U$S 82.057
Palermo,GORRITI 3930,159.54m2,8.40m,8.55m,18.10m,19.55m,No Alcanzada,m,AE 26 - 3  (Codigo Anterior : R2b I - FOT: 1.6),MIXTURA 3,,PB + 7 PISOS + 2 RETIROS,972.33m2,,U$S  590.000,PLUSVALIA  U$S 0
Palermo,"Ravignani, Emilio, Dr. 1385",159.54m2,8.40m,8.55m,18.10m,19.55m,No Alcanzada,m,AE 26 - 3  (Codigo Anterior : R2b I - FOT: 1.6),MIXTURA 3,,PB + 7 PISOS + 2 RETIROS,972.33m2,,U$S  590.000,PLUSVALIA  U$S 0
Palermo,NICETO VEGA 5035,159.54m2,8.40m,8.55m,18.10m,19.55m,No Alcanzada,m,AE 26 - 3  (Codigo Anterior : R2b I - FOT: 1.6),MIXTURA 3,,PB + 7 PISOS + 2 RETIROS,972.33m2,,U$S  590.000,PLUSVALIA  U$S 0
Palermo,CESPEDES 2319,159.54m2,8.40m,8.55m,18.10m,19.55m,No Alcanzada,m,AE 26 - 3  (Codigo Anterior : R2b I - FOT: 1.6),MIXTURA 3,,PB + 7 PISOS + 2 RETIROS,972.33m2,,U$S  590.000,PLUSVALIA  U$S 0
Palermo,MALABIA 1459,159.54m2,8.40m,8.55m,18.10m,19.55m,No Alcanzada,m,AE 26 - 3  (Codigo Anterior : R2b I - FOT: 1.6),MIXTURA 3,,PB + 7 PISOS + 2 RETIROS,972.33m2,,U$S  590.000,PLUSVALIA  U$S 0
Palermo,Uriarte 1296,159.54m2,8.40m,8.55m,18.10m,19.55m,No Alcanzada,m,AE 26 - 3  (Codigo Anterior : R2b I - FOT: 1.6),MIXTURA 3,,PB + 7 PISOS + 2 RETIROS,972.33m2,,U$S  590.000,PLUSVALIA  U$S 0
Palermo,"CABRERA, JOSE, ANTONIO 3730",159.54m2,8.40m,8.55m,18.10m,19.55m,No Alcanzada,m,AE 26 - 3  (Codigo Anterior : R2b I - FOT: 1.6),MIXTURA 3,,PB + 7 PISOS + 2 RETIROS,972.33m2,,U$S  590.000,PLUSVALIA  U$S 0
Palermo,CORDOBA  4261,159.54m2,8.40m,8.55m,18.10m,19.55m,No Alcanzada,m,AE 26 - 3  (Codigo Anterior : R2b I - FOT: 1.6),MIXTURA 3,,PB + 7 PISOS + 2 RETIROS,972.33m2,,U$S  590.000,PLUSVALIA  U$S 0
Palermo,JULIAN ALVAREZ 1105,159.54m2,8.40m,8.55m,18.10m,19.55m,No Alcanzada,m,AE 26 - 3  (Codigo Anterior : R2b I - FOT: 1.6),MIXTURA 3,,PB + 7 PISOS + 2 RETIROS,972.33m2,,U$S  590.000,PLUSVALIA  U$S 0
Palermo,CIUDAD DE LA PAZ 321,159.54m2,8.40m,8.55m,18.10m,19.55m,No Alcanzada,m,AE 26 - 3  (Codigo Anterior : R2b I - FOT: 1.6),MIXTURA 3,,PB + 7 PISOS + 2 RETIROS,972.33m2,,U$S  590.000,PLUSVALIA  U$S 0
Palermo,MALABIA 1270,159.54m2,8.40m,8.55m,18.10m,19.55m,No Alcanzada,m,AE 26 - 3  (Codigo Anterior : R2b I - FOT: 1.6),MIXTURA 3,,PB + 7 PISOS + 2 RETIROS,972.33m2,,U$S  590.000,PLUSVALIA  U$S 0
Palermo,CORDOBA 4175,159.54m2,8.40m,8.55m,18.10m,19.55m,No Alcanzada,m,AE 26 - 3  (Codigo Anterior : R2b I - FOT: 1.6),MIXTURA 3,,PB + 7 PISOS + 2 RETIROS,972.33m2,,U$S  590.000,PLUSVALIA  U$S 0
Palermo,DARWIN 1429,159.54m2,8.40m,8.55m,18.10m,19.55m,No Alcanzada,m,AE 26 - 3  (Codigo Anterior : R2b I - FOT: 1.6),MIXTURA 3,,PB + 7 PISOS + 2 RETIROS,972.33m2,,U$S  590.000,PLUSVALIA  U$S 0
Palermo,"Cabrera, Jose A.  4410",159.54m2,8.40m,8.55m,18.10m,19.55m,No Alcanzada,m,AE 26 - 3  (Codigo Anterior : R2b I - FOT: 1.6),MIXTURA 3,,PB + 7 PISOS + 2 RETIROS,972.33m2,,U$S  590.000,PLUSVALIA  U$S 0
Parque Avellaneda,BONIFACIO 3960,239.59m2,8.77m,9.15m,28m,25.48m,21.23 m,m,USAA  (Codigo Anterior : R2AII - FOT: 3.46),MIXTURA 3,,PB + 7 PISOS + 2 RETIROS,1096.49m2,,U$S  230.000,PLUSVALIA  U$S 3.294
Parque Chacabuco,VIEL 1361,124.61m2,10.10m,10.20m,13.50m,13.64m,No Alcanzada,m,USAM  (Codigo Anterior : R2BI - FOT: 1.6 +25%),MIXTURA  2,,PB + 5 PISOS + 2 RETIROS,913.98m2,,U$S  390.000,PLUSVALIA  U$S 42.564
Parque Chacabuco,GREGORIO LAFERRERE 1127,124.61m2,10.10m,10.20m,13.50m,13.64m,No Alcanzada,m,USAM  (Codigo Anterior : R2BI - FOT: 1.6 +25%),MIXTURA  2,,PB + 5 PISOS + 2 RETIROS,913.98m2,,U$S  390.000,PLUSVALIA  U$S 42.564
Parque Chacabuco,SENILLOSA 1197,124.61m2,10.10m,10.20m,13.50m,13.64m,No Alcanzada,m,USAM  (Codigo Anterior : R2BI - FOT: 1.6 +25%),MIXTURA  2,,PB + 5 PISOS + 2 RETIROS,913.98m2,,U$S  390.000,PLUSVALIA  U$S 42.564
Parque Chas,AVALOS 1135,260.15m2,8.66m,8.66m,30.04m,30.04m,No Alcanzada,m,U 39 + ENRASE  (Codigo Anterior : U39 - FOT: N/A),MIXTURA 4,,PB + 9 PISOS,1331.59m2,,U$S  278.000,PLUSVALIA  U$S 0
Parque Chas,ARISMENDI  2753,260.15m2,8.66m,8.66m,30.04m,30.04m,No Alcanzada,m,U 39 + ENRASE  (Codigo Anterior : U39 - FOT: N/A),MIXTURA 4,,PB + 9 PISOS,1331.59m2,,U$S  278.000,PLUSVALIA  U$S 0
Parque Chas,LLERENA 3138,260.15m2,8.66m,8.66m,30.04m,30.04m,No Alcanzada,m,U 39 + ENRASE  (Codigo Anterior : U39 - FOT: N/A),MIXTURA 4,,PB + 9 PISOS,1331.59m2,,U$S  278.000,PLUSVALIA  U$S 0
Parque Chas,GANDARA 2923,260.15m2,8.66m,8.66m,30.04m,30.04m,No Alcanzada,m,U 39 + ENRASE  (Codigo Anterior : U39 - FOT: N/A),MIXTURA 4,,PB + 9 PISOS,1331.59m2,,U$S  278.000,PLUSVALIA  U$S 0
Parque Chas,AV DE LOS INCAS 5441,260.15m2,8.66m,8.66m,30.04m,30.04m,No Alcanzada,m,U 39 + ENRASE  (Codigo Anterior : U39 - FOT: N/A),MIXTURA 4,,PB + 9 PISOS,1331.59m2,,U$S  278.000,PLUSVALIA  U$S 0
Parque Patricios,INCLAN  2576,103.47m2,7.37m,7.27m,14.66m,13.81m,No Alcanzada,m,USAM  (Codigo Anterior : R2BI - FOT: 1.6),MIXTURA 3,,PB + 5 PISOS + 2 RETIROS,563.02m2,,U$S  300.000,PLUSVALIA  U$S 45.424
Parque Patricios,Dean Funes  1720,103.47m2,7.37m,7.27m,14.66m,13.81m,No Alcanzada,m,USAM  (Codigo Anterior : R2BI - FOT: 1.6),MIXTURA 3,,PB + 5 PISOS + 2 RETIROS,563.02m2,,U$S  300.000,PLUSVALIA  U$S 45.424
Parque Patricios,LUNA 388,103.47m2,7.37m,7.27m,14.66m,13.81m,No Alcanzada,m,USAM  (Codigo Anterior : R2BI - FOT: 1.6),MIXTURA 3,,PB + 5 PISOS + 2 RETIROS,563.02m2,,U$S  300.000,PLUSVALIA  U$S 45.424
Parque Patricios,COLONIA 201,103.47m2,7.37m,7.27m,14.66m,13.81m,No Alcanzada,m,USAM  (Codigo Anterior : R2BI - FOT: 1.6),MIXTURA 3,,PB + 5 PISOS + 2 RETIROS,563.02m2,,U$S  300.000,PLUSVALIA  U$S 45.424
Parque Patricios,Jujuy 1820 esq Brasil 2600,103.47m2,7.37m,7.27m,14.66m,13.81m,No Alcanzada,m,USAM  (Codigo Anterior : R2BI - FOT: 1.6),MIXTURA 3,,PB + 5 PISOS + 2 RETIROS,563.02m2,,U$S  300.000,PLUSVALIA  U$S 45.424
Parque Patricios,AV BRASIL 3098,103.47m2,7.37m,7.27m,14.66m,13.81m,No Alcanzada,m,USAM  (Codigo Anterior : R2BI - FOT: 1.6),MIXTURA 3,,PB + 5 PISOS + 2 RETIROS,563.02m2,,U$S  300.000,PLUSVALIA  U$S 45.424
Parque Patricios,CATAMARCA  2010,103.47m2,7.37m,7.27m,14.66m,13.81m,No Alcanzada,m,USAM  (Codigo Anterior : R2BI - FOT: 1.6),MIXTURA 3,,PB + 5 PISOS + 2 RETIROS,563.02m2,,U$S  300.000,PLUSVALIA  U$S 45.424
Recoleta,URIBURU 1159,270.25m2,8.62m,8.90m,30m,31.70m,27.9 m,m,CM  (Codigo Anterior : R2AI - FOT: 4.16),MIXTURA  2,,PB + 10 PISOS + 2 RETIROS,1853.64m2,,U$S  1.100.000,PLUSVALIA  U$S 111.539
Recoleta,CHARCAS 2886,270.25m2,8.62m,8.90m,30m,31.70m,27.9 m,m,CM  (Codigo Anterior : R2AI - FOT: 4.16),MIXTURA  2,,PB + 10 PISOS + 2 RETIROS,1853.64m2,,U$S  1.100.000,PLUSVALIA  U$S 111.539
Recoleta,FRENCH  2675,270.25m2,8.62m,8.90m,30m,31.70m,27.9 m,m,CM  (Codigo Anterior : R2AI - FOT: 4.16),MIXTURA  2,,PB + 10 PISOS + 2 RETIROS,1853.64m2,,U$S  1.100.000,PLUSVALIA  U$S 111.539
Saavedra,RICARDO BALBIN 3675,365.73m2,8.68m,8.41m,42.75m,42.85m,No Alcanzada,m,USAB 2  (Codigo Anterior : R2BI - FOT: 1.6),MIXTURA  1,,PB + 3 PISOS + 1 RETIRO,1097.77m2,,U$S  2.500.000,PLUSVALIA  U$S 50.364
Saavedra,CIUDAD DE LA PAZ 3870,365.73m2,8.68m,8.41m,42.75m,42.85m,No Alcanzada,m,USAB 2  (Codigo Anterior : R2BI - FOT: 1.6),MIXTURA  1,,PB + 3 PISOS + 1 RETIRO,1097.77m2,,U$S  2.500.000,PLUSVALIA  U$S 50.364
Saavedra,ROQUE PEREZ 4844,365.73m2,8.68m,8.41m,42.75m,42.85m,No Alcanzada,m,USAB 2  (Codigo Anterior : R2BI - FOT: 1.6),MIXTURA  1,,PB + 3 PISOS + 1 RETIRO,1097.77m2,,U$S  2.500.000,PLUSVALIA  U$S 50.364
Saavedra,"Balbin, Ricardo, Dr. Av.  4607",365.73m2,8.68m,8.41m,42.75m,42.85m,No Alcanzada,m,USAB 2  (Codigo Anterior : R2BI - FOT: 1.6),MIXTURA  1,,PB + 3 PISOS + 1 RETIRO,1097.77m2,,U$S  2.500.000,PLUSVALIA  U$S 50.364
Saavedra,JARAMILLO 2710,365.73m2,8.68m,8.41m,42.75m,42.85m,No Alcanzada,m,USAB 2  (Codigo Anterior : R2BI - FOT: 1.6),MIXTURA  1,,PB + 3 PISOS + 1 RETIRO,1097.77m2,,U$S  2.500.000,PLUSVALIA  U$S 50.364
"Saavedra, Buenos Aires, Argentina",WASHINGTON 3950,425.90m2,11.95m,11.97m,35.62m,35.60m,No Alcanzada,m,CA  (Codigo Anterior : R1a - FOT: 1.3),MIXTURA 4,,PB + 12 PISOS + 2 RETIROS,3928.06m2,,U$S  380.000,PLUSVALIA  U$S 28.986
"Saavedra, Buenos Aires, Argentina",Ricardo Balbin  3801,425.90m2,11.95m,11.97m,35.62m,35.60m,No Alcanzada,m,CA  (Codigo Anterior : R1a - FOT: 1.3),MIXTURA 4,,PB + 12 PISOS + 2 RETIROS,3928.06m2,,U$S  380.000,PLUSVALIA  U$S 28.986
"Saavedra, Buenos Aires, Argentina",CABILDO 4932,425.90m2,11.95m,11.97m,35.62m,35.60m,No Alcanzada,m,CA  (Codigo Anterior : R1a - FOT: 1.3),MIXTURA 4,,PB + 12 PISOS + 2 RETIROS,3928.06m2,,U$S  380.000,PLUSVALIA  U$S 28.986
San Cristobal,PAVON 2170,377.04m2,8.67m,8.83m,42.98m,43.20m,32.19 m,42.92 m,CM  (Codigo Anterior : R2AII - FOT: 3.46),MIXTURA 4,,PB + 10 PISOS + 2 RETIROS,2419.00m2,,U$S  230.000,PLUSVALIA  U$S 4.436
San Cristobal,SAN JUAN 3258 / 3266,377.04m2,8.67m,8.83m,42.98m,43.20m,32.19 m,42.92 m,CM  (Codigo Anterior : R2AII - FOT: 3.46),MIXTURA 4,,PB + 10 PISOS + 2 RETIROS,2419.00m2,,U$S  230.000,PLUSVALIA  U$S 4.436
San Cristobal,HUMBERTO 1°  2651,377.04m2,8.67m,8.83m,42.98m,43.20m,32.19 m,42.92 m,CM  (Codigo Anterior : R2AII - FOT: 3.46),MIXTURA 4,,PB + 10 PISOS + 2 RETIROS,2419.00m2,,U$S  230.000,PLUSVALIA  U$S 4.436
San Cristobal,CARLOS CALVO 2222,377.04m2,8.67m,8.83m,42.98m,43.20m,32.19 m,42.92 m,CM  (Codigo Anterior : R2AII - FOT: 3.46),MIXTURA 4,,PB + 10 PISOS + 2 RETIROS,2419.00m2,,U$S  230.000,PLUSVALIA  U$S 4.436
San Cristobal,HUMBERTO 1°  2450,377.04m2,8.67m,8.83m,42.98m,43.20m,32.19 m,42.92 m,CM  (Codigo Anterior : R2AII - FOT: 3.46),MIXTURA 4,,PB + 10 PISOS + 2 RETIROS,2419.00m2,,U$S  230.000,PLUSVALIA  U$S 4.436
Versalles,RUIZ DE LOS LLANOS 760,368.22m2,8.66m,8.66m,42.51m,42.53m,No Alcanzada,28.43 m,USAB 2  (Codigo Anterior : R1bI - FOT: 1),MIXTURA  2,,PB + 3 PISOS + 1 RETIRO,917.48m2,,U$S  290.000,PLUSVALIA  U$S 10.031
Villa Crespo,Juan B Justo 1959,176.53m2,13.31m,13.60m,14m,13.58m,No Alcanzada,m,USAA  (Codigo Anterior : R2aII - FOT: 3.46),MIXTURA 3,,PB + 7 PISOS + 2 RETIROS,1500.56m2,,U$S  330.000,PLUSVALIA  U$S 91.853
Villa Crespo,MALABIA 234,176.53m2,13.31m,13.60m,14m,13.58m,No Alcanzada,m,USAA  (Codigo Anterior : R2aII - FOT: 3.46),MIXTURA 3,,PB + 7 PISOS + 2 RETIROS,1500.56m2,,U$S  330.000,PLUSVALIA  U$S 91.853
Villa Crespo,AGUIRRE 368,176.53m2,13.31m,13.60m,14m,13.58m,No Alcanzada,m,USAA  (Codigo Anterior : R2aII - FOT: 3.46),MIXTURA 3,,PB + 7 PISOS + 2 RETIROS,1500.56m2,,U$S  330.000,PLUSVALIA  U$S 91.853
Villa Crespo,Remedios Escalada De S. Martin 755,176.53m2,13.31m,13.60m,14m,13.58m,No Alcanzada,m,USAA  (Codigo Anterior : R2aII - FOT: 3.46),MIXTURA 3,,PB + 7 PISOS + 2 RETIROS,1500.56m2,,U$S  330.000,PLUSVALIA  U$S 91.853
Villa Crespo,THAMES 37,176.53m2,13.31m,13.60m,14m,13.58m,No Alcanzada,m,USAA  (Codigo Anterior : R2aII - FOT: 3.46),MIXTURA 3,,PB + 7 PISOS + 2 RETIROS,1500.56m2,,U$S  330.000,PLUSVALIA  U$S 91.853
Villa Crespo,MURILLO 866,176.53m2,13.31m,13.60m,14m,13.58m,No Alcanzada,m,USAA  (Codigo Anterior : R2aII - FOT: 3.46),MIXTURA 3,,PB + 7 PISOS + 2 RETIROS,1500.56m2,,U$S  330.000,PLUSVALIA  U$S 91.853
Villa Crespo,JULIAN ALVAREZ 1021,176.53m2,13.31m,13.60m,14m,13.58m,No Alcanzada,m,USAA  (Codigo Anterior : R2aII - FOT: 3.46),MIXTURA 3,,PB + 7 PISOS + 2 RETIROS,1500.56m2,,U$S  330.000,PLUSVALIA  U$S 91.853
Villa Crespo,CORDOBA 5022,176.53m2,13.31m,13.60m,14m,13.58m,No Alcanzada,m,USAA  (Codigo Anterior : R2aII - FOT: 3.46),MIXTURA 3,,PB + 7 PISOS + 2 RETIROS,1500.56m2,,U$S  330.000,PLUSVALIA  U$S 91.853
Villa Crespo,SERRANO 534,176.53m2,13.31m,13.60m,14m,13.58m,No Alcanzada,m,USAA  (Codigo Anterior : R2aII - FOT: 3.46),MIXTURA 3,,PB + 7 PISOS + 2 RETIROS,1500.56m2,,U$S  330.000,PLUSVALIA  U$S 91.853
Villa Crespo,MUÑECAS 1002,176.53m2,13.31m,13.60m,14m,13.58m,No Alcanzada,m,USAA  (Codigo Anterior : R2aII - FOT: 3.46),MIXTURA 3,,PB + 7 PISOS + 2 RETIROS,1500.56m2,,U$S  330.000,PLUSVALIA  U$S 91.853
Villa del Parque,HELGUERA 3284,402.02m2,8.65m,8.66m,46.40m,46.50m,No Alcanzada,36.31 m,USAB 1  (Codigo Anterior : R2b II - FOT: 1.2),MIXTURA  2,,PB + 2 PISOS,602.00m2,,U$S  900.000,PLUSVALIA  U$S 68.105
Villa del Parque,SAN MARTIN. AV 4102,402.02m2,8.65m,8.66m,46.40m,46.50m,No Alcanzada,36.31 m,USAB 1  (Codigo Anterior : R2b II - FOT: 1.2),MIXTURA  2,,PB + 2 PISOS,602.00m2,,U$S  900.000,PLUSVALIA  U$S 68.105
Villa del Parque,ARGERICH 3098,402.02m2,8.65m,8.66m,46.40m,46.50m,No Alcanzada,36.31 m,USAB 1  (Codigo Anterior : R2b II - FOT: 1.2),MIXTURA  2,,PB + 2 PISOS,602.00m2,,U$S  900.000,PLUSVALIA  U$S 68.105
Villa del Parque,BUFANO 2515 / 2547,402.02m2,8.65m,8.66m,46.40m,46.50m,No Alcanzada,36.31 m,USAB 1  (Codigo Anterior : R2b II - FOT: 1.2),MIXTURA  2,,PB + 2 PISOS,602.00m2,,U$S  900.000,PLUSVALIA  U$S 68.105
Villa del Parque,San Nicolas  3135,402.02m2,8.65m,8.66m,46.40m,46.50m,No Alcanzada,36.31 m,USAB 1  (Codigo Anterior : R2b II - FOT: 1.2),MIXTURA  2,,PB + 2 PISOS,602.00m2,,U$S  900.000,PLUSVALIA  U$S 68.105
Villa Devoto,TINOGASTA 4389,309.75m2,8.66m,9.66m,36.03m,31.60m,19.80 m,26.43 m,USAA  (Codigo Anterior : C3II - FOT: LIBRE),MIXTURA 4,,PB + 7 PISOS + 2 RETIROS,1448.00m2,,U$S  389.000,PLUSVALIA  U$S 24.838
Villa Devoto,CARLOS ANTONIO LOPEZ 3001,309.75m2,8.66m,9.66m,36.03m,31.60m,19.80 m,26.43 m,USAA  (Codigo Anterior : C3II - FOT: LIBRE),MIXTURA 4,,PB + 7 PISOS + 2 RETIROS,1448.00m2,,U$S  389.000,PLUSVALIA  U$S 24.838
Villa Devoto,Nogoya 4462,309.75m2,8.66m,9.66m,36.03m,31.60m,19.80 m,26.43 m,USAA  (Codigo Anterior : C3II - FOT: LIBRE),MIXTURA 4,,PB + 7 PISOS + 2 RETIROS,1448.00m2,,U$S  389.000,PLUSVALIA  U$S 24.838
Villa Devoto,MELINCUE  3952,309.75m2,8.66m,9.66m,36.03m,31.60m,19.80 m,26.43 m,USAA  (Codigo Anterior : C3II - FOT: LIBRE),MIXTURA 4,,PB + 7 PISOS + 2 RETIROS,1448.00m2,,U$S  389.000,PLUSVALIA  U$S 24.838
Villa Devoto,MOSCONI 3522,309.75m2,8.66m,9.66m,36.03m,31.60m,19.80 m,26.43 m,USAA  (Codigo Anterior : C3II - FOT: LIBRE),MIXTURA 4,,PB + 7 PISOS + 2 RETIROS,1448.00m2,,U$S  389.000,PLUSVALIA  U$S 24.838
Villa Devoto,SAN MARTIN  6957,309.75m2,8.66m,9.66m,36.03m,31.60m,19.80 m,26.43 m,USAA  (Codigo Anterior : C3II - FOT: LIBRE),MIXTURA 4,,PB + 7 PISOS + 2 RETIROS,1448.00m2,,U$S  389.000,PLUSVALIA  U$S 24.838
Villa Gral. Mitre,LUIS VIALE 2350,341.47m2,8.87m,8.72m,38.35m,39.30m,m,34.47 m,USAB 2  (Codigo Anterior : R2a II 16 - FOT: 3.46),MIXTURA  2,,PB + 3 PISOS + 1 RETIRO,1038.00m2,,U$S  379.000,PLUSVALIA  U$S 0
Villa Gral. Mitre,GAONA 2323,341.47m2,8.87m,8.72m,38.35m,39.30m,m,34.47 m,USAB 2  (Codigo Anterior : R2a II 16 - FOT: 3.46),MIXTURA  2,,PB + 3 PISOS + 1 RETIRO,1038.00m2,,U$S  379.000,PLUSVALIA  U$S 0
Villa Gral. Mitre,GAONA 2483,341.47m2,8.87m,8.72m,38.35m,39.30m,m,34.47 m,USAB 2  (Codigo Anterior : R2a II 16 - FOT: 3.46),MIXTURA  2,,PB + 3 PISOS + 1 RETIRO,1038.00m2,,U$S  379.000,PLUSVALIA  U$S 0
Villa Gral. Mitre,JUAN B JUSTO  4305,341.47m2,8.87m,8.72m,38.35m,39.30m,m,34.47 m,USAB 2  (Codigo Anterior : R2a II 16 - FOT: 3.46),MIXTURA  2,,PB + 3 PISOS + 1 RETIRO,1038.00m2,,U$S  379.000,PLUSVALIA  U$S 0
Villa Gral. Mitre,JUAN B JUSTO 4381,341.47m2,8.87m,8.72m,38.35m,39.30m,m,34.47 m,USAB 2  (Codigo Anterior : R2a II 16 - FOT: 3.46),MIXTURA  2,,PB + 3 PISOS + 1 RETIRO,1038.00m2,,U$S  379.000,PLUSVALIA  U$S 0
Villa Gral. Mitre,"Figueroa, D. Apolinario, Coron 1767",341.47m2,8.87m,8.72m,38.35m,39.30m,m,34.47 m,USAB 2  (Codigo Anterior : R2a II 16 - FOT: 3.46),MIXTURA  2,,PB + 3 PISOS + 1 RETIRO,1038.00m2,,U$S  379.000,PLUSVALIA  U$S 0
Villa Lugano,Av. Escalada  4310,13234.43m2,67.26m,173m,140m,140m,No Alcanzada,m,USAM  (Codigo Anterior : E3 - FOT: 3),MIXTURA  2,,PB + 5 PISOS + 2 RETIROS,42700.00m2,,U$S  2.890.000,PLUSVALIA  U$S 0
Villa Luro,LEOPARDI 267,292.33m2,8.83m,8.78m,33.20m,33.20m,No Alcanzada,m,USAB 2  (Codigo Anterior : R2BI - FOT: 1.6),MIXTURA  2,,PB + 3 PISOS + 1 RETIRO,927.27m2,,U$S  240.000,PLUSVALIA  U$S 8.446
Villa Ortuzar,GUEVARA 1339,309.15m2,8.70m,9.30m,33m,35.70m,16 m,22 m,USAA  (Codigo Anterior : R2bI - FOT: 1.6),MIXTURA 4,,PB + 7 PISOS + 2 RETIROS,1131.10m2,,U$S  398.000,PLUSVALIA  U$S 24.228
Villa Ortuzar,GIRARDOT 1356,309.15m2,8.70m,9.30m,33m,35.70m,16 m,22 m,USAA  (Codigo Anterior : R2bI - FOT: 1.6),MIXTURA 4,,PB + 7 PISOS + 2 RETIROS,1131.10m2,,U$S  398.000,PLUSVALIA  U$S 24.228
Villa Ortuzar,CHORROARIN  1428,309.15m2,8.70m,9.30m,33m,35.70m,16 m,22 m,USAA  (Codigo Anterior : R2bI - FOT: 1.6),MIXTURA 4,,PB + 7 PISOS + 2 RETIROS,1131.10m2,,U$S  398.000,PLUSVALIA  U$S 24.228
Villa Ortuzar,MARIANO ACHA 1192,309.15m2,8.70m,9.30m,33m,35.70m,16 m,22 m,USAA  (Codigo Anterior : R2bI - FOT: 1.6),MIXTURA 4,,PB + 7 PISOS + 2 RETIROS,1131.10m2,,U$S  398.000,PLUSVALIA  U$S 24.228
Villa Ortuzar,TRONADOR 1415,309.15m2,8.70m,9.30m,33m,35.70m,16 m,22 m,USAA  (Codigo Anterior : R2bI - FOT: 1.6),MIXTURA 4,,PB + 7 PISOS + 2 RETIROS,1131.10m2,,U$S  398.000,PLUSVALIA  U$S 24.228
Villa Ortuzar,ZARRAGA 3630,309.15m2,8.70m,9.30m,33m,35.70m,16 m,22 m,USAA  (Codigo Anterior : R2bI - FOT: 1.6),MIXTURA 4,,PB + 7 PISOS + 2 RETIROS,1131.10m2,,U$S  398.000,PLUSVALIA  U$S 24.228
Villa Ortuzar,14 DE JULIO 1084,309.15m2,8.70m,9.30m,33m,35.70m,16 m,22 m,USAA  (Codigo Anterior : R2bI - FOT: 1.6),MIXTURA 4,,PB + 7 PISOS + 2 RETIROS,1131.10m2,,U$S  398.000,PLUSVALIA  U$S 24.228
Villa Ortuzar,14 DE JULIO 1084 / 90,309.15m2,8.70m,9.30m,33m,35.70m,16 m,22 m,USAA  (Codigo Anterior : R2bI - FOT: 1.6),MIXTURA 4,,PB + 7 PISOS + 2 RETIROS,1131.10m2,,U$S  398.000,PLUSVALIA  U$S 24.228
Villa Ortuzar,HEREDIA 734,309.15m2,8.70m,9.30m,33m,35.70m,16 m,22 m,USAA  (Codigo Anterior : R2bI - FOT: 1.6),MIXTURA 4,,PB + 7 PISOS + 2 RETIROS,1131.10m2,,U$S  398.000,PLUSVALIA  U$S 24.228
Villa Ortuzar,GUEVARA 1315,309.15m2,8.70m,9.30m,33m,35.70m,16 m,22 m,USAA  (Codigo Anterior : R2bI - FOT: 1.6),MIXTURA 4,,PB + 7 PISOS + 2 RETIROS,1131.10m2,,U$S  398.000,PLUSVALIA  U$S 24.228
Villa Ortuzar,ESTOMBA 1184,309.15m2,8.70m,9.30m,33m,35.70m,16 m,22 m,USAA  (Codigo Anterior : R2bI - FOT: 1.6),MIXTURA 4,,PB + 7 PISOS + 2 RETIROS,1131.10m2,,U$S  398.000,PLUSVALIA  U$S 24.228
Villa Ortuzar,TRONADOR 632,309.15m2,8.70m,9.30m,33m,35.70m,16 m,22 m,USAA  (Codigo Anterior : R2bI - FOT: 1.6),MIXTURA 4,,PB + 7 PISOS + 2 RETIROS,1131.10m2,,U$S  398.000,PLUSVALIA  U$S 24.228
Villa Ortuzar,ESTOMBA 1069,309.15m2,8.70m,9.30m,33m,35.70m,16 m,22 m,USAA  (Codigo Anterior : R2bI - FOT: 1.6),MIXTURA 4,,PB + 7 PISOS + 2 RETIROS,1131.10m2,,U$S  398.000,PLUSVALIA  U$S 24.228
Villa Ortuzar,COMBATIENTE DE MALVINAS  3075,309.15m2,8.70m,9.30m,33m,35.70m,16 m,22 m,USAA  (Codigo Anterior : R2bI - FOT: 1.6),MIXTURA 4,,PB + 7 PISOS + 2 RETIROS,1131.10m2,,U$S  398.000,PLUSVALIA  U$S 24.228
Villa Ortuzar,BALLIVIAN 2127,309.15m2,8.70m,9.30m,33m,35.70m,16 m,22 m,USAA  (Codigo Anterior : R2bI - FOT: 1.6),MIXTURA 4,,PB + 7 PISOS + 2 RETIROS,1131.10m2,,U$S  398.000,PLUSVALIA  U$S 24.228
Villa Ortuzar,HEREDIA 1395,309.15m2,8.70m,9.30m,33m,35.70m,16 m,22 m,USAA  (Codigo Anterior : R2bI - FOT: 1.6),MIXTURA 4,,PB + 7 PISOS + 2 RETIROS,1131.10m2,,U$S  398.000,PLUSVALIA  U$S 24.228
Villa Ortuzar,TRIUNVIRATO  3098,309.15m2,8.70m,9.30m,33m,35.70m,16 m,22 m,USAA  (Codigo Anterior : R2bI - FOT: 1.6),MIXTURA 4,,PB + 7 PISOS + 2 RETIROS,1131.10m2,,U$S  398.000,PLUSVALIA  U$S 24.228
Villa Ortuzar,TRONADOR 1033,309.15m2,8.70m,9.30m,33m,35.70m,16 m,22 m,USAA  (Codigo Anterior : R2bI - FOT: 1.6),MIXTURA 4,,PB + 7 PISOS + 2 RETIROS,1131.10m2,,U$S  398.000,PLUSVALIA  U$S 24.228
Villa Ortuzar,AV DE LOS INCAS 4250,309.15m2,8.70m,9.30m,33m,35.70m,16 m,22 m,USAA  (Codigo Anterior : R2bI - FOT: 1.6),MIXTURA 4,,PB + 7 PISOS + 2 RETIROS,1131.10m2,,U$S  398.000,PLUSVALIA  U$S 24.228
Villa Pueyrredon,Escobar  3039,373.68m2,8.69m,8.55m,43.36m,43.34m,No Alcanzada,m,USAB 1  (Codigo Anterior : R2BII - FOT: 1.2),MIXTURA  2,,PB + 2 PISOS,472.00m2,,U$S  349.900,PLUSVALIA  U$S 0
Villa Pueyrredon,"ALBARELLOS, AV 3042",373.68m2,8.69m,8.55m,43.36m,43.34m,No Alcanzada,m,USAB 1  (Codigo Anterior : R2BII - FOT: 1.2),MIXTURA  2,,PB + 2 PISOS,472.00m2,,U$S  349.900,PLUSVALIA  U$S 0
Villa Santa Rita,GAONA. AV 3483,928.00m2,16m,16m,58m,58m,29.04 m,38.72 m,USAM  (Codigo Anterior : R2BII - FOT: 1.2),MIXTURA  1,,PB + 5 PISOS + 2 RETIROS,2963.12m2,,U$S  580.000,PLUSVALIA  U$S 0
Villa Santa Rita,EMILIO LAMARCA 1708,928.00m2,16m,16m,58m,58m,29.04 m,38.72 m,USAM  (Codigo Anterior : R2BII - FOT: 1.2),MIXTURA  1,,PB + 5 PISOS + 2 RETIROS,2963.12m2,,U$S  580.000,PLUSVALIA  U$S 0
Villa Santa Rita,EMILIO LAMARCA 1890,928.00m2,16m,16m,58m,58m,29.04 m,38.72 m,USAM  (Codigo Anterior : R2BII - FOT: 1.2),MIXTURA  1,,PB + 5 PISOS + 2 RETIROS,2963.12m2,,U$S  580.000,PLUSVALIA  U$S 0
Villa Santa Rita,Gaona Av.  3617,928.00m2,16m,16m,58m,58m,29.04 m,38.72 m,USAM  (Codigo Anterior : R2BII - FOT: 1.2),MIXTURA  1,,PB + 5 PISOS + 2 RETIROS,2963.12m2,,U$S  580.000,PLUSVALIA  U$S 0
Villa Santa Rita,SAN NICOLAS 1576,928.00m2,16m,16m,58m,58m,29.04 m,38.72 m,USAM  (Codigo Anterior : R2BII - FOT: 1.2),MIXTURA  1,,PB + 5 PISOS + 2 RETIROS,2963.12m2,,U$S  580.000,PLUSVALIA  U$S 0
Villa Santa Rita,ARGERICH 1409,928.00m2,16m,16m,58m,58m,29.04 m,38.72 m,USAM  (Codigo Anterior : R2BII - FOT: 1.2),MIXTURA  1,,PB + 5 PISOS + 2 RETIROS,2963.12m2,,U$S  580.000,PLUSVALIA  U$S 0
Villa Santa Rita,EMILO LAMARCA 1708,928.00m2,16m,16m,58m,58m,29.04 m,38.72 m,USAM  (Codigo Anterior : R2BII - FOT: 1.2),MIXTURA  1,,PB + 5 PISOS + 2 RETIROS,2963.12m2,,U$S  580.000,PLUSVALIA  U$S 0
Villa Santa Rita,CESAR DIAZ  3158,928.00m2,16m,16m,58m,58m,29.04 m,38.72 m,USAM  (Codigo Anterior : R2BII - FOT: 1.2),MIXTURA  1,,PB + 5 PISOS + 2 RETIROS,2963.12m2,,U$S  580.000,PLUSVALIA  U$S 0
Villa Urquiza,NAHUEL HUAPI 4360,377.23m2,8.73m,8.64m,43.48m,43.39m,No Alcanzada,37.34 m,USAB 2  (Codigo Anterior : R2BI - FOT: 1.6),MIXTURA  2,,PB + 3 PISOS + 1 RETIRO,1100.52m2,,U$S  770.000,PLUSVALIA  U$S 50.920
Villa Urquiza,NAHUEL HUAPI 4470,377.23m2,8.73m,8.64m,43.48m,43.39m,No Alcanzada,37.34 m,USAB 2  (Codigo Anterior : R2BI - FOT: 1.6),MIXTURA  2,,PB + 3 PISOS + 1 RETIRO,1100.52m2,,U$S  770.000,PLUSVALIA  U$S 50.920
Villa Urquiza,MANUELA PEDRAZA 5441,377.23m2,8.73m,8.64m,43.48m,43.39m,No Alcanzada,37.34 m,USAB 2  (Codigo Anterior : R2BI - FOT: 1.6),MIXTURA  2,,PB + 3 PISOS + 1 RETIRO,1100.52m2,,U$S  770.000,PLUSVALIA  U$S 50.920
Villa Urquiza,LE BRETON 5919,377.23m2,8.73m,8.64m,43.48m,43.39m,No Alcanzada,37.34 m,USAB 2  (Codigo Anterior : R2BI - FOT: 1.6),MIXTURA  2,,PB + 3 PISOS + 1 RETIRO,1100.52m2,,U$S  770.000,PLUSVALIA  U$S 50.920
Villa Urquiza,MARIANO ACHA 2844,377.23m2,8.73m,8.64m,43.48m,43.39m,No Alcanzada,37.34 m,USAB 2  (Codigo Anterior : R2BI - FOT: 1.6),MIXTURA  2,,PB + 3 PISOS + 1 RETIRO,1100.52m2,,U$S  770.000,PLUSVALIA  U$S 50.920
Villa Urquiza,MARIANO ACHA 3490,377.23m2,8.73m,8.64m,43.48m,43.39m,No Alcanzada,37.34 m,USAB 2  (Codigo Anterior : R2BI - FOT: 1.6),MIXTURA  2,,PB + 3 PISOS + 1 RETIRO,1100.52m2,,U$S  770.000,PLUSVALIA  U$S 50.920
Villa Urquiza,AV DE LOS CONSTITUYENTES 4441,377.23m2,8.73m,8.64m,43.48m,43.39m,No Alcanzada,37.34 m,USAB 2  (Codigo Anterior : R2BI - FOT: 1.6),MIXTURA  2,,PB + 3 PISOS + 1 RETIRO,1100.52m2,,U$S  770.000,PLUSVALIA  U$S 50.920
Villa Urquiza,Monroe 4831,377.23m2,8.73m,8.64m,43.48m,43.39m,No Alcanzada,37.34 m,USAB 2  (Codigo Anterior : R2BI - FOT: 1.6),MIXTURA  2,,PB + 3 PISOS + 1 RETIRO,1100.52m2,,U$S  770.000,PLUSVALIA  U$S 50.920
Villa Urquiza,Galvan  2833,377.23m2,8.73m,8.64m,43.48m,43.39m,No Alcanzada,37.34 m,USAB 2  (Codigo Anterior : R2BI - FOT: 1.6),MIXTURA  2,,PB + 3 PISOS + 1 RETIRO,1100.52m2,,U$S  770.000,PLUSVALIA  U$S 50.920
Villa Urquiza,"TAMBORINI, JOSE, PASCUAL 5327",377.23m2,8.73m,8.64m,43.48m,43.39m,No Alcanzada,37.34 m,USAB 2  (Codigo Anterior : R2BI - FOT: 1.6),MIXTURA  2,,PB + 3 PISOS + 1 RETIRO,1100.52m2,,U$S  770.000,PLUSVALIA  U$S 50.920
Villa Urquiza,CERETTI 1934,377.23m2,8.73m,8.64m,43.48m,43.39m,No Alcanzada,37.34 m,USAB 2  (Codigo Anterior : R2BI - FOT: 1.6),MIXTURA  2,,PB + 3 PISOS + 1 RETIRO,1100.52m2,,U$S  770.000,PLUSVALIA  U$S 50.920
Villa Urquiza,Constituyentes  6253,377.23m2,8.73m,8.64m,43.48m,43.39m,No Alcanzada,37.34 m,USAB 2  (Codigo Anterior : R2BI - FOT: 1.6),MIXTURA  2,,PB + 3 PISOS + 1 RETIRO,1100.52m2,,U$S  770.000,PLUSVALIA  U$S 50.920
Villa Urquiza,CONGRESO 5702,377.23m2,8.73m,8.64m,43.48m,43.39m,No Alcanzada,37.34 m,USAB 2  (Codigo Anterior : R2BI - FOT: 1.6),MIXTURA  2,,PB + 3 PISOS + 1 RETIRO,1100.52m2,,U$S  770.000,PLUSVALIA  U$S 50.920
Villa Urquiza,PACHECO 2578,377.23m2,8.73m,8.64m,43.48m,43.39m,No Alcanzada,37.34 m,USAB 2  (Codigo Anterior : R2BI - FOT: 1.6),MIXTURA  2,,PB + 3 PISOS + 1 RETIRO,1100.52m2,,U$S  770.000,PLUSVALIA  U$S 50.920
Villa Urquiza,ANDONAEGUI 3350,377.23m2,8.73m,8.64m,43.48m,43.39m,No Alcanzada,37.34 m,USAB 2  (Codigo Anterior : R2BI - FOT: 1.6),MIXTURA  2,,PB + 3 PISOS + 1 RETIRO,1100.52m2,,U$S  770.000,PLUSVALIA  U$S 50.920
Villa Urquiza,PACHECO 2685,377.23m2,8.73m,8.64m,43.48m,43.39m,No Alcanzada,37.34 m,USAB 2  (Codigo Anterior : R2BI - FOT: 1.6),MIXTURA  2,,PB + 3 PISOS + 1 RETIRO,1100.52m2,,U$S  770.000,PLUSVALIA  U$S 50.920
Villa Urquiza,AV DE LOS CONSTITUYENTES 4879,377.23m2,8.73m,8.64m,43.48m,43.39m,No Alcanzada,37.34 m,USAB 2  (Codigo Anterior : R2BI - FOT: 1.6),MIXTURA  2,,PB + 3 PISOS + 1 RETIRO,1100.52m2,,U$S  770.000,PLUSVALIA  U$S 50.920
Villa Urquiza,OLAZABAL  4486,377.23m2,8.73m,8.64m,43.48m,43.39m,No Alcanzada,37.34 m,USAB 2  (Codigo Anterior : R2BI - FOT: 1.6),MIXTURA  2,,PB + 3 PISOS + 1 RETIRO,1100.52m2,,U$S  770.000,PLUSVALIA  U$S 50.920
Villa Urquiza,"LE BRETON, TOMAS, A 5223",377.23m2,8.73m,8.64m,43.48m,43.39m,No Alcanzada,37.34 m,USAB 2  (Codigo Anterior : R2BI - FOT: 1.6),MIXTURA  2,,PB + 3 PISOS + 1 RETIRO,1100.52m2,,U$S  770.000,PLUSVALIA  U$S 50.920
Villa Urquiza,GALVAN 3237,377.23m2,8.73m,8.64m,43.48m,43.39m,No Alcanzada,37.34 m,USAB 2  (Codigo Anterior : R2BI - FOT: 1.6),MIXTURA  2,,PB + 3 PISOS + 1 RETIRO,1100.52m2,,U$S  770.000,PLUSVALIA  U$S 50.920
Villa Urquiza,MONROE 5517,377.23m2,8.73m,8.64m,43.48m,43.39m,No Alcanzada,37.34 m,USAB 2  (Codigo Anterior : R2BI - FOT: 1.6),MIXTURA  2,,PB + 3 PISOS + 1 RETIRO,1100.52m2,,U$S  770.000,PLUSVALIA  U$S 50.920
Villa Urquiza,JURAMENTO 4536,377.23m2,8.73m,8.64m,43.48m,43.39m,No Alcanzada,37.34 m,USAB 2  (Codigo Anterior : R2BI - FOT: 1.6),MIXTURA  2,,PB + 3 PISOS + 1 RETIRO,1100.52m2,,U$S  770.000,PLUSVALIA  U$S 50.920
Villa Urquiza,MARIANO ACHA 2655,377.23m2,8.73m,8.64m,43.48m,43.39m,No Alcanzada,37.34 m,USAB 2  (Codigo Anterior : R2BI - FOT: 1.6),MIXTURA  2,,PB + 3 PISOS + 1 RETIRO,1100.52m2,,U$S  770.000,PLUSVALIA  U$S 50.920
Villa Urquiza,ALVAREZ THOMAS 3275,377.23m2,8.73m,8.64m,43.48m,43.39m,No Alcanzada,37.34 m,USAB 2  (Codigo Anterior : R2BI - FOT: 1.6),MIXTURA  2,,PB + 3 PISOS + 1 RETIRO,1100.52m2,,U$S  770.000,PLUSVALIA  U$S 50.920
Villa Urquiza,CULLEN  5880,377.23m2,8.73m,8.64m,43.48m,43.39m,No Alcanzada,37.34 m,USAB 2  (Codigo Anterior : R2BI - FOT: 1.6),MIXTURA  2,,PB + 3 PISOS + 1 RETIRO,1100.52m2,,U$S  770.000,PLUSVALIA  U$S 50.920
Villa Urquiza,LE BRETON 5164,377.23m2,8.73m,8.64m,43.48m,43.39m,No Alcanzada,37.34 m,USAB 2  (Codigo Anterior : R2BI - FOT: 1.6),MIXTURA  2,,PB + 3 PISOS + 1 RETIRO,1100.52m2,,U$S  770.000,PLUSVALIA  U$S 50.920
Villa Urquiza,BLANCO ENCALADA 4038,377.23m2,8.73m,8.64m,43.48m,43.39m,No Alcanzada,37.34 m,USAB 2  (Codigo Anterior : R2BI - FOT: 1.6),MIXTURA  2,,PB + 3 PISOS + 1 RETIRO,1100.52m2,,U$S  770.000,PLUSVALIA  U$S 50.920
Villa Urquiza,DONADO 2548,377.23m2,8.73m,8.64m,43.48m,43.39m,No Alcanzada,37.34 m,USAB 2  (Codigo Anterior : R2BI - FOT: 1.6),MIXTURA  2,,PB + 3 PISOS + 1 RETIRO,1100.52m2,,U$S  770.000,PLUSVALIA  U$S 50.920
Villa Urquiza,Monroe 4823 / 4831,377.23m2,8.73m,8.64m,43.48m,43.39m,No Alcanzada,37.34 m,USAB 2  (Codigo Anterior : R2BI - FOT: 1.6),MIXTURA  2,,PB + 3 PISOS + 1 RETIRO,1100.52m2,,U$S  770.000,PLUSVALIA  U$S 50.920
Villa Urquiza,AIZPURUA 3170,377.23m2,8.73m,8.64m,43.48m,43.39m,No Alcanzada,37.34 m,USAB 2  (Codigo Anterior : R2BI - FOT: 1.6),MIXTURA  2,,PB + 3 PISOS + 1 RETIRO,1100.52m2,,U$S  770.000,PLUSVALIA  U$S 50.920
Villa Urquiza,OLAZABAL 5001/ 5007,377.23m2,8.73m,8.64m,43.48m,43.39m,No Alcanzada,37.34 m,USAB 2  (Codigo Anterior : R2BI - FOT: 1.6),MIXTURA  2,,PB + 3 PISOS + 1 RETIRO,1100.52m2,,U$S  770.000,PLUSVALIA  U$S 50.920
Villa Urquiza,MARIANO ACHA 2207,377.23m2,8.73m,8.64m,43.48m,43.39m,No Alcanzada,37.34 m,USAB 2  (Codigo Anterior : R2BI - FOT: 1.6),MIXTURA  2,,PB + 3 PISOS + 1 RETIRO,1100.52m2,,U$S  770.000,PLUSVALIA  U$S 50.920
Villa Urquiza,DIAZ COLODRERO 3164,377.23m2,8.73m,8.64m,43.48m,43.39m,No Alcanzada,37.34 m,USAB 2  (Codigo Anterior : R2BI - FOT: 1.6),MIXTURA  2,,PB + 3 PISOS + 1 RETIRO,1100.52m2,,U$S  770.000,PLUSVALIA  U$S 50.920
Villa Urquiza,"ROOSEVELT FRANKLIN D, AV 4364",377.23m2,8.73m,8.64m,43.48m,43.39m,No Alcanzada,37.34 m,USAB 2  (Codigo Anterior : R2BI - FOT: 1.6),MIXTURA  2,,PB + 3 PISOS + 1 RETIRO,1100.52m2,,U$S  770.000,PLUSVALIA  U$S 50.920
